Index,Code,Type,Position,Name,Pos,Class,Order,Limit1,Limit2,Limit3,Level,Area1,Area2,Area3,Cool1,Cool2,Cool3,Value1,Value2,Value3,Discount,Sell,Cash1,Cash2,Cash3,Point1,Point2,Point3,Key,AniCode,IconFile,CameraFile,OptionText,ExplainText,KeyText,Description
0,101110,1011,10,Infront shot,FW,10,11,5,10,15,3,1,1,1,120,90,60,5,10,15,100,2,100,100,100,1000,2200,3900,0,20112100,Skill_1011,UI_Skill_Cam1,Power up for shooting,"Short shots, going towards the goal post quickly ",D or F,Done
1,101211,1012,11,Lavona kick,ST,10,12,30,35,40,3,1,1,1,80,60,40,10,15,20,100,2,100,100,100,7500,10500,13000,0,20132100,Skill_1012,UI_Skill_Cam1,Power up for shooting,"Long shots, kicking the ball which can be a shot or cross",D or F,Done
2,101214,1012,14,Lavona kick,SS,10,12,25,30,35,3,1,1,1,80,60,40,10,15,20,100,2,100,100,100,6250,9000,11375,0,20132100,Skill_1012,UI_Skill_Cam1,Power up for shooting,"Long shots, kicking the ball which can be a shot or cross",D or F,Done
3,101314,1013,14,Powerfull shot,SS,10,13,30,35,40,3,2,2,2,120,90,60,5,10,15,100,2,100,100,100,7500,10500,13000,0,20122100,Skill_1013,UI_Skill_Cam1,Power up for shooting,"Short shots, going towards the goal post powerfully",D or F,Done
4,101320,1013,20,Powerfull shot,MF,10,13,5,10,20,3,2,2,2,120,90,60,5,10,15,100,2,100,100,100,1000,2200,5200,0,20122100,Skill_1013,UI_Skill_Cam1,Power up for shooting,"Short shots, going towards the goal post powerfully",D or F,Done
5,101413,1014,13,Turn round kick,WF,10,14,30,35,40,3,1,1,1,80,60,40,10,15,20,100,0,100,100,100,7500,10500,13000,0,20142100,Skill_1014,UI_Skill_Cam1,Power up for shooting,"Short shots, quick turn round shot ",D or F,Done
6,101523,1015,23,Rear shot,SM,10,15,30,35,40,3,2,2,2,120,90,60,5,10,15,100,2,100,100,100,7500,10500,13000,0,20152100,Skill_1015,UI_Skill_Cam1,Power up for shooting,"Short shots, at the real area",D or F,-
7,101621,1016,21,Cannon shot,AM,10,16,20,25,30,3,2,2,2,160,120,80,5,10,15,100,2,100,100,100,5000,7500,9750,0,20162100,Skill_1016,UI_Skill_Cam1,Power up for shooting,"Long shots, going towards the goal post powerfully",D or F,Done/Icon
8,101624,1016,24,Cannon shot,DM,10,16,30,35,40,3,2,2,2,160,120,80,5,10,15,100,2,100,100,100,7500,10500,13000,0,20162100,Skill_1016,UI_Skill_Cam1,Power up for shooting,"Long shots, going towards the goal post powerfully",D or F,Done/Icon
9,101731,1017,31,UFO shot,SW,10,17,30,35,40,3,52,52,52,160,120,80,0,5,10,100,2,100,100,100,7500,10500,13000,0,20172100,Skill_1017,UI_Skill_Cam1,Power up for shooting,"Half line shots, towards the goal post",D or F,Done/Icon
10,105112,1051,12,Turn side kick,CF,10,51,30,35,40,3,1,1,1,80,60,40,10,15,20,100,2,100,100,100,7500,10500,13000,1,20512100,Skill_1051,UI_Skill_Cam1,Power up for shooting,"Short shots, after quick turn to the left or right   ",D or F,-
11,105221,1052,21,Instep kick,AM,10,52,30,35,40,3,2,2,2,80,60,40,0,5,10,100,2,100,100,100,7500,10500,13000,1,20522100,Skill_1052,UI_Skill_Cam1,Power up for shooting,"Long shots, kick the ball on top of the foot",D or F,-
12,105312,1053,12,Turning shot,CF,10,53,20,25,30,3,1,1,1,120,90,60,0,5,10,100,0,100,100,100,5000,7500,9750,0,20532104,Skill_1053,UI_Skill_Cam1,Power up for shooting,"Short shots, a turning shot going towards the goal post",D or F,Done/Icon
13,111112,1111,12,Sliding kick,CF,11,11,20,25,30,3,1,1,1,30,20,3,10,20,30,100,2,100,100,100,5000,7500,9750,0,21112100,Skill_1111,UI_Skill_Cam1,Power up for shooting,"Short shots, kicking the low ball sliding at the near goal post ",Auto after D or F,Done
14,111124,1111,24,Sliding kick,WF,11,11,20,25,30,3,1,1,1,30,20,3,10,20,30,100,2,100,100,100,5000,7500,9750,0,21112100,Skill_1111,UI_Skill_Cam1,Power up for shooting,"Short shots, kicking the low ball sliding at the near goal post ",Auto after D or F,Done
15,111121,1111,21,Sliding kick,AM,11,11,20,25,30,3,1,1,1,30,20,3,10,20,30,100,2,100,100,100,5000,7500,9750,0,21112100,Skill_1111,UI_Skill_Cam1,Power up for shooting,"Short shots, kicking the low ball sliding at the near goal post ",Auto after D or F,Done
16,111221,1112,21,Cannon volley shot,AM,11,12,20,25,30,3,1,1,1,30,20,3,10,20,30,100,2,100,100,100,5000,7500,9750,0,21122100,Skill_1112,UI_Skill_Cam1,Power up for shooting,"Long shots, going towards the goal post directly",Auto after D or F,Done
17,111311,1113,11,Onetouch volley shot,ST,11,13,20,25,30,3,1,1,1,30,20,3,10,20,30,100,0,100,100,100,5000,7500,9750,0,21132102,Skill_1113,UI_Skill_Cam1,Power up for shooting,"Short shots, volley shot at the near goal area",Auto after D or F,-
18,111312,1113,12,Onetouch volley shot,CF,11,13,20,25,30,3,1,1,1,30,20,3,10,20,30,100,0,100,100,100,5000,7500,9750,0,21132102,Skill_1113,UI_Skill_Cam1,Power up for shooting,"Short shots, volley shot at the near goal area",Auto after D or F,-
19,111314,1113,14,Onetouch volley shot,WF,11,13,25,30,35,3,1,1,1,30,20,3,10,20,30,100,0,100,100,100,6250,9000,11375,0,21132102,Skill_1113,UI_Skill_Cam1,Power up for shooting,"Short shots, volley shot at the near goal area",Auto after D or F,-
20,111400,1114,0,Fantasy Star,-,11,14,30,30,30,3,1,1,1,30,20,3,10,20,30,100,0,100,100,100,7500,9000,9750,0,0,Skill_1114,UI_Skill_Cam1,Power up for shooting,Not yet,Auto after D or F,-
21,111512,1115,12,Direct turn kick,CF,11,15,20,25,30,3,1,1,1,30,20,3,0,10,20,100,0,100,100,100,5000,7500,9750,0,21152104,Skill_1115,UI_Skill_Cam1,Power up for shooting,"Turning shots, going towards the goal post directly",Auto after D or F,-
22,112110,1121,10,Slip down kick,FW,11,21,10,15,20,3,1,1,1,30,20,3,10,20,30,100,2,100,100,100,2000,3300,5200,0,21212200,Skill_1121,UI_Skill_Cam1,Power up for shooting,"Short shots, kicking the middle ball sliding at the near goal post ",Auto after D or F,Done
23,112121,1121,21,Slip down kick,AM,11,21,20,25,30,3,1,1,1,30,20,3,10,20,30,100,2,100,100,100,5000,7500,9750,0,21212200,Skill_1121,UI_Skill_Cam1,Power up for shooting,"Short shots, kicking the middle ball sliding at the near goal post ",Auto after D or F,Done
24,112122,1121,22,Slip down kick,CM,11,21,25,30,35,3,1,1,1,30,20,3,10,20,30,100,2,100,100,100,6250,9000,11375,0,21212200,Skill_1121,UI_Skill_Cam1,Power up for shooting,"Short shots, kicking the middle ball sliding at the near goal post ",Auto after D or F,Done
25,112214,1122,14,Power volley shot,SS,11,22,20,25,30,3,1,1,1,30,20,3,10,20,30,100,2,100,100,100,5000,7500,9750,0,21222200,Skill_1122,UI_Skill_Cam1,Power up for shooting,"Short shots, kicking the ball infornt of the player powerfully",Auto after D or F,-
26,112221,1122,21,Power volley shot,AM,11,22,25,30,35,3,1,1,1,30,20,3,10,20,30,100,2,100,100,100,6250,9000,11375,0,21222200,Skill_1122,UI_Skill_Cam1,Power up for shooting,"Short shots, kicking the ball infornt of the player powerfully",Auto after D or F,-
27,112222,1122,22,Power volley shot,CM,11,22,25,30,35,3,1,1,1,30,20,3,10,20,30,100,2,100,100,100,6250,9000,11375,0,21222200,Skill_1122,UI_Skill_Cam1,Power up for shooting,"Short shots, kicking the ball infornt of the player powerfully",Auto after D or F,-
28,113210,1132,10,Scissors kick,FW,11,32,10,15,20,3,1,1,1,30,20,3,20,30,40,100,2,100,100,100,2000,3300,5200,0,21322302,Skill_1132,UI_Skill_Cam1,Power up for shooting,"Short shots, a volley shot for middle ball",Auto after D or F,Done
29,113220,1132,20,Scissors kick,MF,11,32,10,15,20,3,1,1,1,30,20,3,20,30,40,100,2,100,100,100,2000,3300,5200,0,21322302,Skill_1132,UI_Skill_Cam1,Power up for shooting,"Short shots, a volley shot for middle ball",Auto after D or F,Done
30,113311,1133,11,Rocket heading shhot,ST,11,33,20,25,30,3,1,1,1,30,20,3,20,30,40,100,2,100,100,100,5000,7500,9750,0,21332300,Skill_1133,UI_Skill_Cam1,Power up for shooting,"Heading shots, heading the low ball infront of the player diving on the field",Auto after D or F,Done
31,113412,1134,12,Drop shot,CF,11,34,25,30,35,3,1,1,1,30,20,3,20,30,40,100,2,100,100,100,6250,9000,11375,0,21342300,Skill_1134,UI_Skill_Cam1,Power up for shooting,"Direct shot, for middle ball beside the player",Auto after D or F,Done
32,114211,1142,11,Edmilson kick,ST,11,42,25,30,35,3,1,1,1,30,20,3,20,30,40,100,2,100,100,100,6250,9000,11375,0,21422404,Skill_1142,UI_Skill_Cam1,Power up for shooting,"Turning short shots, when a ball is coming from side",Auto after D or F,Done
33,114214,1142,14,Edmilson kick,SS,11,42,25,30,35,3,1,1,1,30,20,3,20,30,40,100,2,100,100,100,6250,9000,11375,0,21422404,Skill_1142,UI_Skill_Cam1,Power up for shooting,"Turning short shots, when a ball is coming from side",Auto after D or F,Done
34,115100,1151,0,Head trapping shot,-,11,51,30,30,30,3,1,1,1,30,20,3,20,30,40,100,0,100,100,100,7500,9000,9750,0,21512500,Skill_1151,UI_Skill_Cam1,Power up for shooting,Not yet,Auto after D or F,Done
35,116112,1161,12,Scorpion kick,CF,11,61,25,30,35,3,1,1,1,30,20,3,20,30,40,100,2,100,100,100,6250,9000,11375,0,21612600,Skill_1161,UI_Skill_Cam1,Power up for shooting,"Direct short shots, when a ball is coming from the infront of player",Auto after D or F,Developing
36,116211,1162,11,Side head shot,ST,11,62,20,25,30,3,1,1,1,30,20,3,20,30,40,100,0,100,100,100,5000,7500,9750,0,21622600,Skill_1162,UI_Skill_Cam1,Power up for shooting,"Heading shots, when a ball is coming from the side of the player",Auto after D or F,Developing
37,116311,1163,11,Somersault kick,ST,11,63,20,25,30,3,1,1,1,30,20,3,20,30,40,100,2,100,100,100,5000,7500,9750,0,21632604,Skill_1163,UI_Skill_Cam1,Power up for shooting,"Short shot, shooting motion similar to overhead kick",Auto after D or F,Done
38,116312,1163,12,Somersault kick,CF,11,63,25,30,35,3,1,1,1,30,20,3,20,30,40,100,2,100,100,100,6250,9000,11375,0,21632604,Skill_1163,UI_Skill_Cam1,Power up for shooting,"Short shot, shooting motion similar to overhead kick",Auto after D or F,Done
39,116313,1163,13,Somersault kick,WF,11,63,25,30,35,3,1,1,1,30,20,3,20,30,40,100,2,100,100,100,6250,9000,11375,0,21632604,Skill_1163,UI_Skill_Cam1,Power up for shooting,"Short shot, shooting motion similar to overhead kick",Auto after D or F,Done
40,116314,1163,14,Somersault kick,SS,11,63,20,25,30,3,1,1,1,30,20,3,20,30,40,100,2,100,100,100,5000,7500,9750,0,21632604,Skill_1163,UI_Skill_Cam1,Power up for shooting,"Short shot, shooting motion similar to overhead kick",Auto after D or F,Done
41,116321,1163,21,Somersault kick,AM,11,63,25,30,35,3,1,1,1,30,20,3,20,30,40,100,2,100,100,100,6250,9000,11375,0,21632604,Skill_1163,UI_Skill_Cam1,Power up for shooting,"Short shot, shooting motion similar to overhead kick",Auto after D or F,Done
42,117111,1171,11,Rotate shot,ST,11,71,25,30,35,3,1,1,1,30,20,3,20,30,40,100,2,100,100,100,6250,9000,11375,0,21712700,Skill_1171,UI_Skill_Cam1,Power up for shooting,"Direct shot, for high ball is coming infront of the player",Auto after D or F,Done
43,118111,1181,11,Flying shot,ST,11,81,30,35,40,3,1,1,1,30,20,3,20,30,40,100,2,100,100,100,7500,10500,13000,0,21812800,Skill_1181,UI_Skill_Cam1,Power up for shooting,"Direct shot, for the highest ball",Auto after D or F,-
44,118233,1182,33,Back attack,SP,11,82,30,35,40,3,1,1,1,30,20,3,10,20,30,100,2,100,100,100,7500,10500,13000,0,21822800,Skill_1182,UI_Skill_Cam1,Power up for shooting,"Direct shot, for the highest ball is coming infront of the player",Auto after D or F,-
45,121110,1211,10,Step over,FW,12,11,5,10,15,3,0,0,0,13,10,7,20,30,40,100,2,100,100,100,1000,2200,3900,0,30112100,Skill_1211,UI_Skill_Cam1,Power up for dribbling,Special personal dribble skill,E + ˇč,Done/Icon
46,121120,1211,20,Step over,MF,12,11,15,20,25,3,0,0,0,13,10,7,20,30,40,100,2,100,100,100,3000,4400,6500,0,30112100,Skill_1211,UI_Skill_Cam1,Power up for dribbling,Special personal dribble skill,E + ˇč,Done/Icon
47,121130,1211,30,Step over,DF,12,11,15,20,25,3,0,0,0,13,10,7,20,30,40,100,2,100,100,100,3000,4400,6500,0,30112100,Skill_1211,UI_Skill_Cam1,Power up for dribbling,Special personal dribble skill,E + ˇč,Done/Icon
48,121211,1212,11,Short step over,ST,12,12,20,25,30,3,0,0,0,10,7.5,5,30,40,50,100,0,100,100,100,5000,7500,9750,0,30122100,Skill_1212,UI_Skill_Cam1,Power up for dribbling,"A dribbling movement,moving forward shortly and quickly",E + ˇč,Done
49,121212,1212,12,Short step over,CF,12,12,20,25,30,3,0,0,0,10,7.5,5,30,40,50,100,0,100,100,100,5000,7500,9750,0,30122100,Skill_1212,UI_Skill_Cam1,Power up for dribbling,"A dribbling movement,moving forward shortly and quickly",E + ˇč,Done
50,121213,1212,13,Short step over,WF,12,12,20,25,30,3,0,0,0,10,7.5,5,30,40,50,100,0,100,100,100,5000,7500,9750,0,30122100,Skill_1212,UI_Skill_Cam1,Power up for dribbling,"A dribbling movement,moving forward shortly and quickly",E + ˇč,Done
51,121214,1212,14,Short step over,SS,12,12,20,25,30,3,0,0,0,10,7.5,5,30,40,50,100,0,100,100,100,5000,7500,9750,0,30122100,Skill_1212,UI_Skill_Cam1,Power up for dribbling,"A dribbling movement,moving forward shortly and quickly",E + ˇč,Done
52,121221,1212,21,Short step over,AM,12,12,20,25,30,3,0,0,0,10,7.5,5,30,40,50,100,0,100,100,100,5000,7500,9750,0,30122100,Skill_1212,UI_Skill_Cam1,Power up for dribbling,"A dribbling movement,moving forward shortly and quickly",E + ˇč,Done
53,122110,1221,10,Mexican jump,FW,12,21,10,15,20,3,0,0,0,13,10,7,20,30,40,100,2,100,100,100,2000,3300,5200,0,31212100,Skill_1221,UI_Skill_Cam1,Power up for dribbling,Jumping with ball to avoid opponent players tackle ,W,Done
54,122120,1221,20,Mexican jump,MF,12,21,10,15,20,3,0,0,0,13,10,7,20,30,40,100,2,100,100,100,2000,3300,5200,0,31212100,Skill_1221,UI_Skill_Cam1,Power up for dribbling,Jumping with ball to avoid opponent players tackle ,W,Done
55,122130,1221,30,Mexican jump,DF,12,21,15,20,25,3,0,0,0,13,10,7,20,30,40,100,2,100,100,100,3000,4400,6500,0,31212100,Skill_1221,UI_Skill_Cam1,Power up for dribbling,Jumping with ball to avoid opponent players tackle ,W,Done
56,122221,1222,21,Rabbit jump,-,12,22,30,30,30,3,0,0,0,10,7.5,5,30,40,50,100,0,100,100,100,7500,9000,9750,0,31222100,Skill_1222,UI_Skill_Cam1,Power up for dribbling,Jumping with ball to avoid opponent players tackle ,W,Done
57,123110,1231,10,Phantom,FW,12,31,5,10,15,3,0,0,0,13,10,7,0,5,10,100,2,100,100,100,1000,2200,3900,0,32312101,Skill_1231,UI_Skill_Cam1,Power up for dribbling,Jumping with ball to avoid opponent players tackle ,E + ˇç or E + ˇć,Done/Icon
58,123120,1231,20,Phantom,MF,12,31,10,15,20,3,0,0,0,13,10,7,0,5,10,100,2,100,100,100,2000,3300,5200,0,32312101,Skill_1231,UI_Skill_Cam1,Power up for dribbling,"A dribbling movement, moving to diagonal quickly",E + ˇç or E + ˇć,Done/Icon
59,123130,1231,30,Phantom,DF,12,31,15,20,25,3,0,0,0,13,10,7,0,5,10,100,2,100,100,100,3000,4400,6500,0,32312101,Skill_1231,UI_Skill_Cam1,Power up for dribbling,"A dribbling movement, moving to diagonal quickly",E + ˇç or E + ˇć,Done/Icon
60,123211,1232,11,Marseille roulette,ST,12,32,25,30,35,3,0,0,0,10,7.5,5,5,10,15,100,2,100,100,100,6250,9000,11375,0,32322101,Skill_1232,UI_Skill_Cam1,Power up for dribbling,"A dribbling movement, turning to diagonal quickly",E + ˇç or E + ˇć,Done/Icon
61,123212,1232,12,Marseille roulette,CF,12,32,20,25,30,3,0,0,0,10,7.5,5,5,10,15,100,2,100,100,100,5000,7500,9750,0,32322101,Skill_1232,UI_Skill_Cam1,Power up for dribbling,"A dribbling movement, turning to diagonal quickly",E + ˇç or E + ˇć,Done/Icon
62,123213,1232,13,Marseille roulette,WF,12,32,20,25,30,3,0,0,0,10,7.5,5,5,10,15,100,2,100,100,100,5000,7500,9750,0,32322101,Skill_1232,UI_Skill_Cam1,Power up for dribbling,"A dribbling movement, turning to diagonal quickly",E + ˇç or E + ˇć,Done/Icon
63,123214,1232,14,Marseille roulette,SS,12,32,20,25,30,3,0,0,0,10,7.5,5,5,10,15,100,2,100,100,100,5000,7500,9750,0,32322101,Skill_1232,UI_Skill_Cam1,Power up for dribbling,"A dribbling movement, turning to diagonal quickly",E + ˇç or E + ˇć,Done/Icon
64,123221,1232,21,Marseille roulette,AM,12,32,20,25,30,3,0,0,0,10,7.5,5,5,10,15,100,2,100,100,100,5000,7500,9750,0,32322101,Skill_1232,UI_Skill_Cam1,Power up for dribbling,"A dribbling movement, turning to diagonal quickly",E + ˇç or E + ˇć,Done/Icon
65,123223,1232,23,Marseille roulette,SM,12,32,25,30,35,3,0,0,0,10,7.5,5,5,10,15,100,2,100,100,100,6250,9000,11375,0,32322101,Skill_1232,UI_Skill_Cam1,Power up for dribbling,"A dribbling movement, turning to diagonal quickly",E + ˇç or E + ˇć,Done/Icon
66,123312,1233,12,Double roulette,CF,12,33,30,35,40,3,0,0,0,10,7.5,5,5,10,15,100,2,100,100,100,7500,10500,13000,0,32332101,Skill_1233,UI_Skill_Cam1,Power up for dribbling,"A dribbling movement, turning to diagonal 2 times quickly",E + ˇç or E + ˇć,Done/Icon
67,123321,1233,21,Double roulette,AM,12,33,20,25,30,3,0,0,0,10,7.5,5,5,10,15,100,2,100,100,100,5000,7500,9750,0,32332101,Skill_1233,UI_Skill_Cam1,Power up for dribbling,"A dribbling movement, turning to diagonal 2 times quickly",E + ˇç or E + ˇć,Done/Icon
68,123413,1234,13,Flip flap,WF,12,34,20,25,30,3,0,0,0,10,7.5,5,5,10,15,100,2,100,100,100,5000,7500,9750,0,32342101,Skill_1234,UI_Skill_Cam1,Power up for dribbling,"A dribble, cheating the opponent player",E + ˇç or E + ˇć,Done
69,123414,1234,14,Flip flap,SS,12,34,20,25,30,3,0,0,0,10,7.5,5,5,10,15,100,2,100,100,100,5000,7500,9750,0,32342101,Skill_1234,UI_Skill_Cam1,Power up for dribbling,"A dribble, cheating the opponent player",E + ˇç or E + ˇć,Done
70,123522,1235,22,Side step,CM,12,35,20,25,30,3,0,0,0,10,7.5,5,5,10,15,100,2,100,100,100,5000,7500,9750,0,32352101,Skill_1235,UI_Skill_Cam1,Power up for dribbling,Dribble the ball draggling it over one side,E + ˇç or E + ˇć,Done/Icon
71,123524,1235,24,Side step,DM,12,35,25,30,35,3,0,0,0,10,7.5,5,5,10,15,100,2,100,100,100,6250,9000,11375,0,32352101,Skill_1235,UI_Skill_Cam1,Power up for dribbling,Dribble the ball draggling it over one side,E + ˇç or E + ˇć,Done/Icon
72,123531,1235,31,Side step,SW,12,35,25,30,35,3,0,0,0,10,7.5,5,5,10,15,100,2,100,100,100,6250,9000,11375,0,32352101,Skill_1235,UI_Skill_Cam1,Power up for dribbling,Dribble the ball draggling it over one side,E + ˇç or E + ˇć,Done/Icon
73,123532,1235,32,Side step,CB,12,35,20,25,30,3,0,0,0,10,7.5,5,5,10,15,100,2,100,100,100,5000,7500,9750,0,32352101,Skill_1235,UI_Skill_Cam1,Power up for dribbling,Dribble the ball draggling it over one side,E + ˇç or E + ˇć,Done/Icon
74,124110,1241,10,Back dribble,FW,12,41,10,15,20,3,0,0,0,13,10,7,20,30,40,100,2,100,100,100,2000,3300,5200,0,32412104,Skill_1241,UI_Skill_Cam1,Power up for dribbling,A dribbling move used to escape a dangerous defensive situation,E + ˇé,Done/Icon
75,124120,1241,20,Back dribble,MF,12,41,10,15,20,3,0,0,0,13,10,7,20,30,40,100,2,100,100,100,2000,3300,5200,0,32412104,Skill_1241,UI_Skill_Cam1,Power up for dribbling,A dribbling move used to escape a dangerous defensive situation,E + ˇé,Done/Icon
76,124130,1241,30,Back dribble,DF,12,41,10,15,20,3,0,0,0,13,10,7,20,30,40,100,2,100,100,100,2000,3300,5200,0,32412104,Skill_1241,UI_Skill_Cam1,Power up for dribbling,A dribbling move used to escape a dangerous defensive situation,E + ˇé,Done/Icon
77,130110,1301,10,Steal cutting,FW,13,1,15,20,25,3,0,0,0,6,4,2,0,0.2,0.4,100,2,100,100,100,3000,4400,6500,0,41011100,Skill_1301,UI_Skill_Cam1,Power up for cutting skill,Cutting the low ball by stealing,E,Done
78,130120,1301,20,Steal cutting,MF,13,1,5,10,20,3,0,0,0,6,4,2,0,0.2,0.4,100,2,100,100,100,1000,2200,5200,0,41011100,Skill_1301,UI_Skill_Cam1,Power up for cutting skill,Cutting the low ball by stealing,E,Done
79,130130,1301,30,Steal cutting,DF,13,1,10,15,20,3,0,0,0,6,4,2,0,0.2,0.4,100,2,100,100,100,2000,3300,5200,0,41011100,Skill_1301,UI_Skill_Cam1,Power up for cutting skill,Cutting the low ball by stealing,E,Done
80,130221,1302,21,High steal cutting,AM,13,2,30,35,40,3,0,0,0,6,4,2,0,0.2,0.4,100,2,100,100,100,7500,10500,13000,0,41011200,Skill_1302,UI_Skill_Cam1,Power up for cutting skill,Cutting the high ball by stealing,E,Done
81,130223,1302,23,High steal cutting,SM,13,2,25,30,35,3,0,0,0,6,4,2,0,0.2,0.4,100,2,100,100,100,6250,9000,11375,0,41011200,Skill_1302,UI_Skill_Cam1,Power up for cutting skill,Cutting the high ball by stealing,E,Done
82,131120,1311,20,Quick steal,MF,13,11,5,10,20,3,0,0,0,21,14,7,0,5,10,100,2,100,100,100,1000,2200,5200,0,41111100,Skill_1311,UI_Skill_Cam1,Power up for stealing,A quick stealing maneuver,E,Done
83,131132,1311,32,Quick steal,CB,13,11,30,35,40,3,0,0,0,21,14,7,0,5,10,100,2,100,100,100,7500,10500,13000,0,41111100,Skill_1311,UI_Skill_Cam1,Power up for stealing,A quick stealing maneuver,E,Done
84,131133,1311,33,Quick steal,SP,13,11,20,25,30,3,0,0,0,21,14,7,0,5,10,100,2,100,100,100,5000,7500,9750,0,41111100,Skill_1311,UI_Skill_Cam1,Power up for stealing,A quick stealing maneuver,E,Done
85,131222,1312,22,Rapid steal,CM,13,12,25,30,35,3,0,0,0,15,10,5,5,10,15,100,2,100,100,100,6250,9000,11375,0,41121100,Skill_1312,UI_Skill_Cam1,Power up for stealing,A very quick stealing maneuver against an opponent,E,Done
86,131223,1312,23,Rapid steal,SM,13,12,20,25,30,3,0,0,0,15,10,5,5,10,15,100,2,100,100,100,5000,7500,9750,0,41121100,Skill_1312,UI_Skill_Cam1,Power up for stealing,A very quick stealing maneuver against an opponent,E,Done
87,131224,1312,24,Rapid steal,DM,13,12,25,30,35,3,0,0,0,15,10,5,5,10,15,100,2,100,100,100,6250,9000,11375,0,41121100,Skill_1312,UI_Skill_Cam1,Power up for stealing,A very quick stealing maneuver against an opponent,E,Done
88,131231,1312,31,Rapid steal,SW,13,12,20,25,30,3,0,0,0,15,10,5,5,10,15,100,2,100,100,100,5000,7500,9750,0,41121100,Skill_1312,UI_Skill_Cam1,Power up for stealing,A very quick stealing maneuver against an opponent,E,Done
89,132122,1321,22,Steal catch,CM,13,21,30,35,40,3,20,51,0,15,10,5,0.2,0.4,0.6,100,2,100,100,100,7500,10500,13000,0,41211100,Skill_1321,UI_Skill_Cam1,Power up for catching,A stealing maneuver against an opponent,E,Done
90,132222,1322,22,High steal catch,CM,13,22,30,35,40,3,20,51,0,15,10,5,0.2,0.4,0.6,100,2,100,100,100,7500,10500,13000,0,41221200,Skill_1322,UI_Skill_Cam1,Power up for catching,A stealing maneuver against an opponent,E,Done
91,140110,1401,10,Tackle cutting,FW,14,1,15,20,25,3,0,0,0,6,4,2,0,0.2,0.4,100,2,100,100,100,3000,4400,6500,0,40011100,Skill_1401,UI_Skill_Cam1,Power up for cutting skill,Cutting the low ball by tackle,Q,Done
92,140120,1401,20,Tackle cutting,MF,14,1,10,15,20,3,0,0,0,6,4,2,0,0.2,0.4,100,2,100,100,100,2000,3300,5200,0,40011100,Skill_1401,UI_Skill_Cam1,Power up for cutting skill,Cutting the low ball by tackle,Q,Done
93,140130,1401,30,Tackle cutting,DF,14,1,5,10,15,3,0,0,0,6,4,2,0,0.2,0.4,100,2,100,100,100,1000,2200,3900,0,40011100,Skill_1401,UI_Skill_Cam1,Power up for cutting skill,Cutting the low ball by tackle,Q,Done
94,140224,1402,24,High tackle cutting,DM,14,2,20,25,30,3,0,0,0,6,4,2,0,0.2,0.4,100,2,100,100,100,5000,7500,9750,0,40011200,Skill_1402,UI_Skill_Cam1,Power up for cutting skill,Cutting the high ball by tackle,Q,Done
95,140231,1402,31,High tackle cutting,SW,14,2,20,25,30,3,0,0,0,6,4,2,0,0.2,0.4,100,2,100,100,100,5000,7500,9750,0,40011200,Skill_1402,UI_Skill_Cam1,Power up for cutting skill,Cutting the high ball by tackle,Q,Done
96,140233,1402,33,High tackle cutting,SP,14,2,20,25,30,3,0,0,0,6,4,2,0,0.2,0.4,100,2,100,100,100,5000,7500,9750,0,40011200,Skill_1402,UI_Skill_Cam1,Power up for cutting skill,Cutting the high ball by tackle,Q,Done
97,141124,1411,24,Quick tackle,DM,14,11,25,30,35,3,0,0,0,21,14,7,0,5,10,100,2,100,100,100,6250,9000,11375,0,40111100,Skill_1411,UI_Skill_Cam1,Power up for tackling,Perform a fast tackle ,Q,Done
98,141130,1411,30,Quick tackle,DF,14,11,5,10,15,3,0,0,0,21,14,7,0,5,10,100,2,100,100,100,1000,2200,3900,0,40111100,Skill_1411,UI_Skill_Cam1,Power up for tackling,Perform a fast tackle ,Q,Done
99,141224,1412,24,Rapid tackle,DM,14,12,30,35,40,3,0,0,0,15,10,5,5,10,15,100,2,100,100,100,7500,10500,13000,0,40121100,Skill_1412,UI_Skill_Cam1,Power up for tackling,A very quick tackle maneuver against an opponent,Q,Done
100,141231,1412,31,Rapid tackle,SW,14,12,20,25,30,3,0,0,0,15,10,5,5,10,15,100,2,100,100,100,5000,7500,9750,0,40121100,Skill_1412,UI_Skill_Cam1,Power up for tackling,A very quick tackle maneuver against an opponent,Q,Done
101,141232,1412,32,Rapid tackle,CB,14,12,20,25,30,3,0,0,0,15,10,5,5,10,15,100,2,100,100,100,5000,7500,9750,0,40121100,Skill_1412,UI_Skill_Cam1,Power up for tackling,A very quick tackle maneuver against an opponent,Q,Done
102,141233,1412,33,Rapid tackle,SP,14,12,20,25,30,3,0,0,0,15,10,5,5,10,15,100,2,100,100,100,5000,7500,9750,0,40121100,Skill_1412,UI_Skill_Cam1,Power up for tackling,A very quick tackle maneuver against an opponent,Q,Done
103,141333,1413,33,Counter tackle,SP,14,13,25,30,35,3,0,0,0,15,10,5,5,10,15,100,0,100,100,100,6250,9000,11375,0,10011100,Skill_1413,UI_Skill_Cam1,Power up for tackling,Perform the strongest tackle and move forward with the ball,Q,-
104,141431,1414,31,Tackle and catch,SW,14,14,30,35,40,3,0,0,0,15,10,5,5,10,15,100,0,100,100,100,7500,10500,13000,0,10011100,Skill_1414,UI_Skill_Cam1,Power up for tackling,Perform a very fast tackle and catch the ball,Q,-
105,141432,1414,32,Tackle and catch,CB,14,14,25,30,35,3,0,0,0,15,10,5,5,10,15,100,0,100,100,100,6250,9000,11375,0,10011100,Skill_1414,UI_Skill_Cam1,Power up for tackling,Perform a very fast tackle and catch the ball,Q,-
106,142132,1421,32,Tackle catch,CB,14,21,30,35,40,3,10,20,51,15,10,5,0.2,0.4,0.6,100,2,100,100,100,7500,10500,13000,0,40211100,Skill_1421,UI_Skill_Cam1,Power up for catching,Catch the low ball by tackle,Q,Done
107,142200,1422,0,High tackle catch,-,14,22,30,30,30,3,10,20,51,15,10,5,0.2,0.4,0.6,100,2,100,100,100,7500,9000,9750,0,40221200,Skill_1422,UI_Skill_Cam1,Power up for catching,Catch the high ball by tackle,Q,Done
108,151121,1511,21,Back pass,AM,15,11,25,30,35,3,5,10,15,60,40,20,0,0,0,100,2,100,100,100,6250,9000,11375,1,22011100,Skill_1511,UI_Skill_Cam1,Power up for passing,Short pass to own goal keeper,User define,Done
109,151122,1511,22,Back pass,CM,15,11,20,25,30,3,5,10,15,60,40,20,0,0,0,100,2,100,100,100,5000,7500,9750,1,22011100,Skill_1511,UI_Skill_Cam1,Power up for passing,Short pass to own goal keeper,User define,Done
110,151123,1511,23,Back pass,SM,15,11,25,30,35,3,5,10,15,60,40,20,0,0,0,100,2,100,100,100,6250,9000,11375,1,22011100,Skill_1511,UI_Skill_Cam1,Power up for passing,Short pass to own goal keeper,User define,Done
111,151124,1511,24,Back pass,DM,15,11,20,25,30,3,5,10,15,60,40,20,0,0,0,100,2,100,100,100,5000,7500,9750,1,22011100,Skill_1511,UI_Skill_Cam1,Power up for passing,Short pass to own goal keeper,User define,Done
112,151130,1511,30,Back pass,DF,15,11,10,15,20,3,5,10,15,60,40,20,0,0,0,100,2,100,100,100,2000,3300,5200,1,22011100,Skill_1511,UI_Skill_Cam1,Power up for passing,Short pass to own goal keeper,User define,Done
113,151214,1512,14,Killer pass,SS,15,12,25,30,35,3,0,0,0,60,40,20,0,10,20,100,0,100,100,100,6250,9000,11375,0,22011100,Skill_1512,UI_Skill_Cam1,-,-,,-
114,151221,1512,21,Killer pass,AM,15,12,20,25,30,3,0,0,0,60,40,20,0,10,20,100,0,100,100,100,5000,7500,9750,0,22011100,Skill_1512,UI_Skill_Cam1,-,-,,-
115,151222,1512,22,Killer pass,CM,15,12,20,25,30,3,0,0,0,60,40,20,0,10,20,100,0,100,100,100,5000,7500,9750,0,22011100,Skill_1512,UI_Skill_Cam1,-,-,,-
116,151314,1513,14,Lobbing pass,SS,15,13,20,25,30,3,0,0,0,60,40,20,0,10,20,100,0,100,100,100,5000,7500,9750,0,22011100,Skill_1513,UI_Skill_Cam1,-,-,,-
117,151322,1513,22,Lobbing pass,CM,15,13,20,25,30,3,0,0,0,60,40,20,0,10,20,100,0,100,100,100,5000,7500,9750,0,22011100,Skill_1513,UI_Skill_Cam1,-,-,,-
118,151422,1514,22,Side pass,CM,15,14,20,25,30,3,0,0,0,60,40,20,0,10,20,100,0,100,100,100,5000,7500,9750,0,10011100,Skill_1514,UI_Skill_Cam1,-,-,,-
119,151514,1515,14,Target short pass,SS,15,15,25,30,35,3,0,0,0,50,30,10,1,2,5,100,2,100,100,100,6250,9000,11375,0,22011100,Skill_1515,UI_Skill_Cam1,Power up for passing,Short pass to a precise team member.,1 ~ 5,Done
120,151521,1515,21,Target short pass,AM,15,15,25,30,35,3,0,0,0,50,30,10,1,2,5,100,2,100,100,100,6250,9000,11375,0,22011100,Skill_1515,UI_Skill_Cam1,Power up for passing,Short pass to a precise team member.,1 ~ 5,Done
121,151522,1515,22,Target short pass,CM,15,15,20,25,30,3,0,0,0,50,30,10,1,2,5,100,2,100,100,100,5000,7500,9750,0,22011100,Skill_1515,UI_Skill_Cam1,Power up for passing,Short pass to a precise team member.,1 ~ 5,Done
122,151523,1515,23,Target short pass,SM,15,15,20,25,30,3,0,0,0,50,30,10,1,2,5,100,2,100,100,100,5000,7500,9750,0,22011100,Skill_1515,UI_Skill_Cam1,Power up for passing,Short pass to a precise team member.,1 ~ 5,Done
123,151524,1515,24,Target short pass,DM,15,15,20,25,30,3,0,0,0,50,30,10,1,2,5,100,2,100,100,100,5000,7500,9750,0,22011100,Skill_1515,UI_Skill_Cam1,Power up for passing,Short pass to a precise team member.,1 ~ 5,Done
124,151631,1516,31,Target long pass,SW,15,16,25,30,35,3,0,0,0,60,40,20,1,2,5,100,2,100,100,100,6250,9000,11375,0,22011100,Skill_1516,UI_Skill_Cam1,Power up for passing,Long pass to a precise team member.,1 ~ 5,Done
125,151632,1516,32,Target long pass,CB,15,16,20,25,30,3,0,0,0,60,40,20,1,2,5,100,2,100,100,100,5000,7500,9750,0,22011100,Skill_1516,UI_Skill_Cam1,Power up for passing,Long pass to a precise team member.,1 ~ 5,Done
126,151633,1516,33,Target long pass,SP,15,16,20,25,30,3,0,0,0,60,40,20,1,2,5,100,2,100,100,100,5000,7500,9750,0,22011100,Skill_1516,UI_Skill_Cam1,Power up for passing,Long pass to a precise team member.,1 ~ 5,Done
127,151714,1517,14,Direct target short pass,SS,15,17,30,35,40,3,0,0,0,50,30,10,1,2,5,100,2,100,100,100,7500,10500,13000,0,22011100,Skill_1517,UI_Skill_Cam1,Increase the target member,Direct short pass to a precise team member.,1 ~ 5,Done
128,151721,1517,21,Direct target short pass,AM,15,17,30,35,40,3,0,0,0,50,30,10,1,2,5,100,2,100,100,100,7500,10500,13000,0,22011100,Skill_1517,UI_Skill_Cam1,Increase the target member,Direct short pass to a precise team member.,1 ~ 5,Done
129,151722,1517,22,Direct target short pass,CM,15,17,30,35,40,3,0,0,0,50,30,10,1,2,5,100,2,100,100,100,7500,10500,13000,0,22011100,Skill_1517,UI_Skill_Cam1,Increase the target member,Direct short pass to a precise team member.,1 ~ 5,Done
130,151723,1517,23,Direct target short pass,SM,15,17,25,30,35,3,0,0,0,50,30,10,1,2,5,100,2,100,100,100,6250,9000,11375,0,22011100,Skill_1517,UI_Skill_Cam1,Increase the target member,Direct short pass to a precise team member.,1 ~ 5,Done
131,151724,1517,24,Direct target short pass,DM,15,17,25,30,35,3,0,0,0,50,30,10,1,2,5,100,2,100,100,100,6250,9000,11375,0,22011100,Skill_1517,UI_Skill_Cam1,Increase the target member,Direct short pass to a precise team member.,1 ~ 5,Done
132,151831,1518,31,Direct target long pass,SW,15,18,25,30,35,3,0,0,0,60,40,20,1,2,5,100,2,100,100,100,6250,9000,11375,0,22011100,Skill_1518,UI_Skill_Cam1,Increase the target member,Direct long pass to a precise team member.,1 ~ 5,Done
133,151832,1518,32,Direct target long pass,CB,15,18,25,30,35,3,0,0,0,60,40,20,1,2,5,100,2,100,100,100,6250,9000,11375,0,22011100,Skill_1518,UI_Skill_Cam1,Increase the target member,Direct long pass to a precise team member.,1 ~ 5,Done
134,151833,1518,33,Direct target long pass,SP,15,18,20,25,30,3,0,0,0,60,40,20,1,2,5,100,2,100,100,100,5000,7500,9750,0,22011100,Skill_1518,UI_Skill_Cam1,Increase the target member,Direct long pass to a precise team member.,1 ~ 5,Done
135,151913,1519,13,Sliding short pass,WF,15,19,25,30,35,3,15,51,0,60,40,20,0,0.1,0.2,100,2,100,100,100,6250,9000,11375,0,23111100,Skill_1519,UI_Skill_Cam1,Power up for passing,Sliding short pass to a team member.,Auto after S key,Done
136,151923,1519,23,Sliding short pass,SM,15,19,30,35,40,3,15,51,0,60,40,20,0,0.1,0.2,100,2,100,100,100,7500,10500,13000,0,23111100,Skill_1519,UI_Skill_Cam1,Power up for passing,Sliding short pass to a team member.,Auto after S key,Done
137,152024,1520,24,Sliding long pass,DM,15,20,30,35,40,3,15,51,0,60,40,20,0,0.1,0.2,100,2,100,100,100,7500,10500,13000,0,23111100,Skill_1520,UI_Skill_Cam1,Power up for passing,Sliding long pass to a team member.,Auto after A key,Done
138,152032,1520,32,Sliding long pass,CB,15,20,25,30,35,3,15,51,0,60,40,20,0,0.1,0.2,100,2,100,100,100,6250,9000,11375,0,25411100,Skill_1520,UI_Skill_Cam1,Power up for passing,Sliding long pass to a team member.,Auto after A key,Done
139,152033,1520,33,Sliding long pass,SP,15,20,25,30,35,3,15,51,0,60,40,20,0,0.1,0.2,100,2,100,100,100,6250,9000,11375,0,25411100,Skill_1520,UI_Skill_Cam1,Power up for passing,Sliding long pass to a team member.,Auto after A key,Done
140,152100,1521,0,High pass,-,15,21,30,30,30,3,0,0,0,60,40,20,0,10,20,100,0,100,100,100,7500,9000,9750,0,10011100,Skill_1521,UI_Skill_Cam1,-,-,,-
141,152211,1522,11,Flying pass,ST,15,22,30,35,40,3,1,1,3,60,40,20,0,0.1,0.2,100,2,100,100,100,7500,10500,13000,0,25122800,Skill_1522,UI_Skill_Cam1,Power up for jumping,Heading for a high flying ball and pass to a team member.,Auto after A key,Done
142,161113,1611,13,Fast cross,WF,16,11,20,25,30,3,100,100,100,60,45,30,0,1,2,100,2,100,100,100,5000,7500,9750,0,24011104,Skill_1611,UI_Skill_Cam1,Speed up the crossing,Fast and quick cross for middle ball to do swift attack in the center of the area,Press A key shortly,Done
143,161123,1611,23,Fast cross,SM,16,11,25,30,35,3,100,100,100,60,45,30,0,1,2,100,2,100,100,100,6250,9000,11375,0,24011104,Skill_1611,UI_Skill_Cam1,Speed up the crossing,Fast and quick cross for middle ball to do swift attack in the center of the area,Press A key shortly,Done
144,161213,1612,13,Fast low cross,WF,16,12,20,25,30,3,100,100,100,60,45,30,0,1,2,100,2,100,100,100,5000,7500,9750,0,24011104,Skill_1612,UI_Skill_Cam1,Speed up the crossing,Fast and quick cross for low ball to do swift attack in the center of the area,Press A key shortly,Done
145,161323,1613,23,Power cross,SM,16,13,20,25,30,3,100,100,100,60,45,30,0,10,20,100,0,100,100,100,5000,7500,9750,0,10011100,Skill_1613,UI_Skill_Cam1,-,-,,-
146,161413,1614,13,Lavona cross,WF,16,14,25,30,35,3,100,100,100,60,45,30,0,10,20,100,0,100,100,100,6250,9000,11375,0,10011100,Skill_1614,UI_Skill_Cam1,-,-,,-
147,161423,1614,23,Lavona cross,SM,16,14,20,25,30,3,100,100,100,60,45,30,0,10,20,100,0,100,100,100,5000,7500,9750,0,10011100,Skill_1614,UI_Skill_Cam1,-,-,,-
148,161513,1615,13,Hidden cross,WF,16,15,25,30,35,3,100,100,100,80,60,40,1,2,3,100,2,100,100,100,6250,9000,11375,1,24011104,Skill_1615,UI_Skill_Cam1,-,-,,-
149,161623,1616,23,Rear cross,SM,16,16,20,25,30,3,101,101,101,60,45,30,0,1.5,3,100,0,100,100,100,5000,7500,9750,1,24011104,Skill_1616,UI_Skill_Cam1,-,-,,-
150,161713,1617,13,Sliding cross,WF,16,17,25,30,35,3,100,100,100,60,40,20,0,0.1,0.2,100,2,100,100,100,6250,9000,11375,0,25511100,Skill_1617,UI_Skill_Cam1,Power up the crossing,Sliding cross to a team member.,Auto after A key,Done
151,161823,1618,23,Roulette cross,SM,16,18,25,30,35,3,100,100,100,60,45,30,0,10,20,100,0,100,100,100,6250,9000,11375,0,10011100,Skill_1618,UI_Skill_Cam1,-,-,,-
152,161923,1619,23,Early corss,SM,16,19,30,35,40,3,100,100,100,60,45,30,0,10,20,100,0,100,100,100,7500,10500,13000,0,10011100,Skill_1619,UI_Skill_Cam1,-,-,,-
153,162022,1620,22,Half cross,CM,16,20,25,30,35,3,50,50,50,60,45,30,0,1.5,3,100,2,100,100,100,6250,9000,11375,1,24011104,Skill_1620,UI_Skill_Cam1,Speed up the crossing,Cross the ball to a team member from the half line by one time.,User define,Done
154,162122,1621,22,Crossway pass,CM,15,20,20,25,30,3,102,102,102,60,45,30,0,1.5,3,100,2,100,100,100,5000,7500,9750,1,24011104,Skill_1621,UI_Skill_Cam1,Speed up the crossing,Cross the ball at the near end line.,User define,Done
155,162124,1621,24,Crossway pass,DM,15,20,20,25,30,3,102,102,102,60,45,30,0,1.5,3,100,2,100,100,100,5000,7500,9750,1,24011104,Skill_1621,UI_Skill_Cam1,Speed up the crossing,Cross the ball at the near end line.,User define,Done
156,171124,1711,24,High clear,DM,17,11,30,35,40,3,15,15,15,6,4,2,0,0.1,0.2,100,2,100,100,100,7500,10500,13000,0,25112700,Skill_1711,UI_Skill_Cam1,Power up for jumping,Jumping and heading for a high flying ball and clearing it out of your goal area,Auto after A or D or F,Done/Icon
157,171130,1711,30,High clear,DF,17,11,10,15,20,3,15,15,15,6,4,2,0,0.1,0.2,100,2,100,100,100,2000,3300,5200,0,25112700,Skill_1711,UI_Skill_Cam1,Power up for jumping,Jumping and heading for a high flying ball and clearing it out of your goal area,Auto after A or D or F,Done/Icon
158,171232,1712,32,Sky clear,CB,17,12,30,35,40,3,15,15,15,6,4,2,0,0.1,0.2,100,2,100,100,100,7500,10500,13000,0,25122800,Skill_1712,UI_Skill_Cam1,Power up for jumping,Jumping and heading for a highest flying ball and clearing it out of your goal area,Auto after A or D or F,Done/Icon
159,171233,1712,33,Sky clear,SP,17,12,30,35,40,3,15,15,15,6,4,2,0,0.1,0.2,100,2,100,100,100,7500,10500,13000,0,25122800,Skill_1712,UI_Skill_Cam1,Power up for jumping,Jumping and heading for a highest flying ball and clearing it out of your goal area,Auto after A or D or F,Done/Icon
160,172131,1721,31,High trapping,SW,17,21,25,30,35,3,15,15,15,6,4,2,0,0.1,0.2,100,2,100,100,100,6250,9000,11375,0,25211700,Skill_1721,UI_Skill_Cam1,Power up for jumping,Catch and control an high flying ball,Auto after A or D or F,Done/Icon
161,172231,1722,31,Sky trapping,SW,17,22,30,35,40,3,15,15,15,6,4,2,0,0.1,0.2,100,2,100,100,100,7500,10500,13000,0,25221800,Skill_1722,UI_Skill_Cam1,Power up for jumping,Catch and control an highest flying ball,Auto after A or D or F,Done
162,173122,1731,22,Half clear,CM,17,31,30,35,40,3,50,50,50,6,4,2,0,0.1,0.2,100,2,100,100,100,7500,10500,13000,0,25112700,Skill_1731,UI_Skill_Cam1,Power up for jumping,Jumping and heading for a high flying ball and clearing it at the half line,Auto after A key,Done
163,173124,1731,24,Half clear,DM,17,31,25,30,35,3,50,50,50,6,4,2,0,0.1,0.2,100,2,100,100,100,6250,9000,11375,0,25112700,Skill_1731,UI_Skill_Cam1,Power up for jumping,Jumping and heading for a high flying ball and clearing it at the half line,Auto after A key,Done
164,174100,1741,0,Juggling,-,17,41,30,30,30,3,0,0,0,6,4,2,0,0,0,100,0,100,100,100,7500,9000,9750,0,10011100,Skill_1741,UI_Skill_Cam1,-,-,,-
165,191110,1911,10,Quick moving,FW,19,11,5,10,15,3,0,0,0,0,0,0,0,10,20,100,2,100,100,100,1000,2200,3900,0,12022100,Skill_1911,UI_Skill_Cam1,Power up for moving speed,Helping for fast and quick running,Shift + direction,Done/Icon
166,191120,1911,20,Quick moving,MF,19,11,5,10,15,3,0,0,0,0,0,0,0,10,20,100,2,100,100,100,1000,2200,3900,0,12022100,Skill_1911,UI_Skill_Cam1,Power up for moving speed,Helping for fast and quick running,Shift + direction,Done/Icon
167,191130,1911,30,Quick moving,DF,19,11,5,10,15,3,0,0,0,0,0,0,0,10,20,100,2,100,100,100,1000,2200,3900,0,12022100,Skill_1911,UI_Skill_Cam1,Power up for moving speed,Helping for fast and quick running,Shift + direction,Done/Icon
168,191224,1912,24,Qucik start,DM,19,12,25,30,35,3,51,51,51,60,40,20,12,15,18,100,2,100,100,100,6250,9000,11375,2,37112100,Skill_1912,UI_Skill_Cam1,Power up for moving speed,Quick running but the running gauge is reduced quickly,User selection,Developing/Icon
169,191231,1912,31,Qucik start,SW,19,12,20,25,30,3,51,51,51,60,40,20,12,15,18,100,2,100,100,100,5000,7500,9750,2,37112100,Skill_1912,UI_Skill_Cam1,Power up for moving speed,Quick running but the running gauge is reduced quickly,User selection,Developing/Icon
170,191232,1912,32,Qucik start,CB,19,12,20,25,30,3,51,51,51,60,40,20,12,15,18,100,2,100,100,100,5000,7500,9750,2,37112100,Skill_1912,UI_Skill_Cam1,Power up for moving speed,Quick running but the running gauge is reduced quickly,User selection,Developing/Icon
171,191233,1912,33,Qucik start,SP,19,12,20,25,30,3,51,51,51,60,40,20,12,15,18,100,2,100,100,100,5000,7500,9750,2,37112100,Skill_1912,UI_Skill_Cam1,Power up for moving speed,Quick running but the running gauge is reduced quickly,User selection,Developing/Icon
172,191311,1913,11,Fast sprint,ST,19,13,25,30,35,3,0,0,0,0,0,0,1,1.5,2,100,2,100,100,100,6250,9000,11375,0,12112100,Skill_1913,UI_Skill_Cam1,Power up for running speed,Fast running but the running gauge is reduced quickly,Ctrl + direction,Done/Icon
173,191321,1913,21,Fast sprint,AM,19,13,30,35,40,3,0,0,0,0,0,0,1,1.5,2,100,2,100,100,100,7500,10500,13000,0,12112100,Skill_1913,UI_Skill_Cam1,Power up for running speed,Fast running but the running gauge is reduced quickly,Ctrl + direction,Done/Icon
174,191323,1913,23,Fast sprint,SM,19,13,30,35,40,3,0,0,0,0,0,0,1,1.5,2,100,2,100,100,100,7500,10500,13000,0,12112100,Skill_1913,UI_Skill_Cam1,Power up for running speed,Fast running but the running gauge is reduced quickly,Ctrl + direction,Done/Icon
175,191413,1914,13,Fast dribble,WF,19,14,30,35,40,3,0,0,0,0,0,0,0.5,1,1.5,100,2,100,100,100,7500,10500,13000,0,13112100,Skill_1914,UI_Skill_Cam1,Power up for dribbling speed,Fast and quick dribble but the running gauge is reduced quickly,Ctrl + direction,Done
176,191533,1915,33,Fast dribble,SP,19,15,25,30,35,3,10,20,51,0,0,0,0.5,1,1.5,100,2,100,100,100,6250,9000,11375,0,13112100,Skill_1915,UI_Skill_Cam1,Power up for dribbling speed,Fast and quick dribble but the running gauge is reduced quickly,Ctrl + direction,Done
177,191610,1916,10,Wide screen,FW,19,16,10,15,20,3,0,0,0,0,0,0,4,4.5,5,100,2,100,100,100,2000,3300,5200,0,42012100,Skill_1916,UI_Skill_Cam1,Power up for moving speed,Mark your opponent moving,W,Done/Icon
178,191620,1916,20,Wide screen,MF,19,16,10,15,20,3,0,0,0,0,0,0,4,4.5,5,100,2,100,100,100,2000,3300,5200,0,42012100,Skill_1916,UI_Skill_Cam1,Power up for moving speed,Mark your opponent moving,W,Done/Icon
179,191630,1916,30,Wide screen,DF,19,16,5,10,15,3,0,0,0,0,0,0,4,4.5,5,100,2,100,100,100,1000,2200,3900,0,42012100,Skill_1916,UI_Skill_Cam1,Power up for moving speed,Mark your opponent moving,W,Done/Icon
180,191731,1917,31,Fast screen,SW,19,17,20,25,30,3,0,0,0,0,0,0,5,5.5,6,100,2,100,100,100,5000,7500,9750,0,42112100,Skill_1917,UI_Skill_Cam1,Power up for moving speed,Mark your opponent moving at a faster speed,W,Done/Icon
181,191732,1917,32,Fast screen,CB,19,17,20,25,30,3,0,0,0,0,0,0,5,5.5,6,100,2,100,100,100,5000,7500,9750,0,42112100,Skill_1917,UI_Skill_Cam1,Power up for moving speed,Mark your opponent moving at a faster speed,W,Done/Icon
182,191733,1917,33,Fast screen,SP,19,17,20,25,30,3,0,0,0,0,0,0,5,5.5,6,100,2,100,100,100,5000,7500,9750,0,42112100,Skill_1917,UI_Skill_Cam1,Power up for moving speed,Mark your opponent moving at a faster speed,W,Done/Icon
183,191810,1918,10,Fast turning,FW,19,18,5,10,15,3,0,0,0,0,0,0,11,13,15,100,2,100,100,100,1000,2200,3900,0,13012104,Skill_1918,UI_Skill_Cam1,Power up for turning speed,Helping for fast and quickly turning,Auto,Done
184,191820,1918,20,Fast turning,MF,19,18,5,10,15,3,0,0,0,0,0,0,11,13,15,100,2,100,100,100,1000,2200,3900,0,13012104,Skill_1918,UI_Skill_Cam1,Power up for turning speed,Helping for fast and quickly turning,Auto,Done
185,191830,1918,30,Fast turning,DF,19,18,5,10,15,3,0,0,0,0,0,0,11,13,15,100,2,100,100,100,1000,2200,3900,0,13012104,Skill_1918,UI_Skill_Cam1,Power up for turning speed,Helping for fast and quickly turning,Auto,Done
186,191913,1919,13,Kick and run,WF,19,19,20,25,30,3,0,0,0,50,30,10,1,2,3,100,2,100,100,100,5000,7500,9750,1,35112100,Skill_1919,UI_Skill_Cam1,Speed up,Quick movement after hitting the ball forward,User define,Done
187,191923,1919,23,Kick and run,SM,19,19,20,25,30,3,0,0,0,50,30,10,1,2,3,100,2,100,100,100,5000,7500,9750,1,35112100,Skill_1919,UI_Skill_Cam1,Speed up,Quick movement after hitting the ball forward,User define,Done
188,192023,1920,23,Side kick and run,SM,19,20,25,30,35,3,0,0,0,50,30,10,1,2,3,100,2,100,100,100,6250,9000,11375,1,35122102,Skill_1920,UI_Skill_Cam1,Speed up,Quick movement after hitting the ball to side,User define,Done
189,192114,1921,14,Direct kick and run,SS,19,21,30,30,40,3,0,0,0,50,30,10,1,2,3,100,0,100,100,100,7500,9000,13000,2,10011100,Skill_1921,UI_Skill_Cam1,Speed up,Quick movement after hitting the ball directly forward,User define,-
190,192312,1923,12,Turn around,CF,19,23,25,30,35,3,0,0,0,50,30,10,30,20,10,100,0,100,100,100,6250,9000,11375,0,10011100,Skill_1923,UI_Skill_Cam1,-,-,User define,-
191,201110,2011,10,Endure,FW,20,11,5,10,15,3,0,0,0,0,0,0,20,50,100,100,2,100,100,100,1000,2200,3900,0,53111100,Skill_2011,UI_Skill_Cam1,Power up for endure,When the conflict endure without falling,Auto,Done/Icon
192,201120,2011,20,Endure,MF,20,11,5,10,15,3,0,0,0,0,0,0,20,50,100,100,2,100,100,100,1000,2200,3900,0,53111100,Skill_2011,UI_Skill_Cam1,Power up for endure,When the conflict endure without falling,Auto,Done/Icon
193,201130,2011,30,Endure,DF,20,11,5,10,15,3,0,0,0,0,0,0,20,50,100,100,2,100,100,100,1000,2200,3900,0,53111100,Skill_2011,UI_Skill_Cam1,Power up for endure,When the conflict endure without falling,Auto,Done/Icon
194,201230,2012,30,Iron wall,DF,20,12,10,15,20,3,10,20,51,0,0,0,0,0.1,0.2,100,2,100,100,100,2000,3300,5200,0,50110100,Skill_2012,UI_Skill_Cam1,Power up for defending,Block the shooting and cross and long pass of opponent as a level,Auto,Done/Icon
195,201222,2012,22,Iron wall,CM,20,12,20,25,30,3,10,20,51,0,0,0,0,0.1,0.2,100,2,100,100,100,5000,7500,9750,0,50110100,Skill_2012,UI_Skill_Cam1,Power up for defending,Block the shooting and cross and long pass of opponent as a level,Auto,Done/Icon
196,201224,2012,24,Iron wall,DM,20,12,20,25,30,3,10,20,51,0,0,0,0,0.1,0.2,100,2,100,100,100,5000,7500,9750,0,50110100,Skill_2012,UI_Skill_Cam1,Power up for defending,Block the shooting and cross and long pass of opponent as a level,Auto,Done/Icon
197,202133,2021,33,Body push,SP,20,21,25,30,35,3,15,20,51,50,30,10,10,30,50,100,2,100,100,100,6250,9000,11375,2,44112100,Skill_2021,UI_Skill_Cam1,Power up,I push and disturb the opponent,User define,Developing
198,202231,2022,31,Runner push,SW,20,22,25,30,35,3,15,20,51,50,30,10,10,30,50,100,2,100,100,100,6250,9000,11375,2,44122100,Skill_2022,UI_Skill_Cam1,Power up,I push and disturb the opponent who has the ball,User define,Developing
199,202324,2023,24,Dribbler push,DM,20,23,25,30,35,3,15,20,51,50,30,10,10,30,50,100,2,100,100,100,6250,9000,11375,2,44132100,Skill_2023,UI_Skill_Cam1,Ľş°ř Č®·ü Áő°ˇ,I push and disturb the opponent who has the ball,User define,Developing
200,202332,2023,32,Dribbler push,CB,20,23,25,30,35,3,15,20,51,50,30,10,10,30,50,100,2,100,100,100,6250,9000,11375,2,44132100,Skill_2023,UI_Skill_Cam1,Power up,I push and disturb the opponent who has the ball,User define,Developing
201,203133,2031,33,Body catch,SP,20,31,30,35,40,3,15,20,51,50,30,10,10,30,50,100,2,100,100,100,7500,10500,13000,2,10011100,Skill_2031,UI_Skill_Cam1,Power up,I catch and disturb the opponent,User define,Developing
202,203224,2032,24,Runner catch,DM,20,32,30,35,40,3,15,20,51,50,30,10,10,30,50,100,2,100,100,100,7500,10500,13000,2,10011100,Skill_2032,UI_Skill_Cam1,Power up,I catch and disturb the opponent who has the ball,User define,Developing
203,203300,2033,0,Dribbler catch,-,20,33,30,30,30,3,15,20,51,50,30,10,10,30,50,100,2,100,100,100,7500,9000,9750,2,10011100,Skill_2033,UI_Skill_Cam1,Power up,I catch and disturb the opponent who has the ball,User define,Developing
204,204132,2041,32,Mountain block,CB,20,41,30,35,40,3,15,20,51,50,30,10,2,2.2,2.4,100,2,100,100,100,7500,10500,13000,2,43112100,Skill_2041,UI_Skill_Cam1,,-,,-
205,204231,2042,31,Diving block,SW,20,42,30,35,40,3,15,20,51,50,30,10,1.6,1.8,2,100,2,100,100,100,7500,10500,13000,2,43122100,Skill_2042,UI_Skill_Cam1,,-,,-
206,205112,2051,12,Shoulder charging,CF,20,51,25,30,35,3,52,52,52,60,40,20,5,10,15,100,0,100,100,100,6250,9000,11375,2,10011100,Skill_2051,UI_Skill_Cam1,-,-,,-
207,205121,2051,21,Shoulder charging,AM,20,51,25,30,35,3,52,52,52,60,40,20,5,10,15,100,0,100,100,100,6250,9000,11375,2,10011100,Skill_2051,UI_Skill_Cam1,-,-,,-
208,205133,2051,33,Shoulder charging,SP,20,51,25,30,35,3,52,52,52,60,40,20,5,10,15,100,0,100,100,100,6250,9000,11375,2,10011100,Skill_2051,UI_Skill_Cam1,-,-,,-
209,205211,2052,11,Rolling stone,ST,20,52,25,30,35,3,52,52,52,60,40,20,5,10,15,100,0,100,100,100,6250,9000,11375,2,10011100,Skill_2052,UI_Skill_Cam1,-,-,,-
210,205214,2052,14,Rolling stone,SS,20,52,25,30,35,3,52,52,52,60,40,20,5,10,15,100,0,100,100,100,6250,9000,11375,2,10011100,Skill_2052,UI_Skill_Cam1,-,-,,-
211,205311,2053,11,Roll over,ST,20,53,30,35,40,3,52,52,52,60,40,20,5,10,15,100,0,100,100,100,7500,10500,13000,2,10011100,Skill_2053,UI_Skill_Cam1,-,-,,-
212,205324,2053,24,Roll over,DM,20,53,20,25,30,3,52,52,52,60,40,20,5,10,15,100,0,100,100,100,5000,7500,9750,2,10011100,Skill_2053,UI_Skill_Cam1,-,-,,-
213,206131,2061,31,Choice point,SW,20,61,20,25,30,3,15,15,15,0,0,0,2,3,4.5,100,0,100,100,100,5000,7500,9750,2,10011100,Skill_2061,UI_Skill_Cam1,-,-,,-
214,206132,2061,32,Choice point,CB,20,61,20,25,30,3,15,15,15,0,0,0,2,3,4.5,100,0,100,100,100,5000,7500,9750,2,10011100,Skill_2061,UI_Skill_Cam1,-,-,,-
215,206133,2061,33,Choice point,SP,20,61,20,25,30,3,15,15,15,0,0,0,2,3,4.5,100,0,100,100,100,5000,7500,9750,2,10011100,Skill_2061,UI_Skill_Cam1,-,-,,-
216,211112,2111,12,Fake turn side,CF,21,11,30,35,40,3,1,1,1,80,50,20,0,20,40,100,0,100,100,100,7500,10500,13000,0,10011100,Skill_2111,UI_Skill_Cam1,-,-,,-
217,211213,2112,13,Fake Lavona cross,WF,21,12,30,35,40,3,100,100,100,80,50,20,0,20,40,100,0,100,100,100,7500,10500,13000,0,10011100,Skill_2112,UI_Skill_Cam1,-,-,,-
218,211323,2113,23,Fake rear cross,SM,21,13,30,35,40,3,101,101,101,80,50,20,0,20,40,100,0,100,100,100,7500,10500,13000,0,10011100,Skill_2113,UI_Skill_Cam1,-,-,,-
219,901124,9011,24,Active defense,DM,90,11,20,25,30,3,0,0,0,0,0,0,0.3,0.6,0.9,100,2,100,100,100,5000,7500,9750,0,0,Skill_9011,UI_Skill_Cam1,Power up,"When competing with opponent, you will have the effect of one more of the Mark",Auto,Done/Icon
220,901131,9011,31,Active defense,SW,90,11,20,25,30,3,0,0,0,0,0,0,0.3,0.6,0.9,100,2,100,100,100,5000,7500,9750,0,0,Skill_9011,UI_Skill_Cam1,Power up,"When competing with opponent, you will have the effect of one more of the Mark",Auto,Done/Icon
221,901132,9011,32,Active defense,CB,90,11,20,25,30,3,0,0,0,0,0,0,0.3,0.6,0.9,100,2,100,100,100,5000,7500,9750,0,0,Skill_9011,UI_Skill_Cam1,Power up,"When competing with opponent, you will have the effect of one more of the Mark",Auto,Done/Icon
222,901133,9011,33,Active defense,SP,90,11,20,25,30,3,0,0,0,0,0,0,0.3,0.6,0.9,100,2,100,100,100,5000,7500,9750,0,0,Skill_9011,UI_Skill_Cam1,Power up,"When competing with opponent, you will have the effect of one more of the Mark",Auto,Done/Icon
223,901211,9012,11,Sensuous shooting,ST,90,12,20,25,30,3,0,0,0,0,0,0,0.2,0.4,0.6,100,2,100,100,100,5000,7500,9750,0,0,Skill_9012,UI_Skill_Cam1,Power up,"When competing with opponent, they will reduce the mark",Auto,Done/Icon
224,901212,9012,12,Sensuous shooting,CF,90,12,25,30,35,3,0,0,0,0,0,0,0.2,0.4,0.6,100,2,100,100,100,6250,9000,11375,0,0,Skill_9012,UI_Skill_Cam1,Power up,"When competing with opponent, they will reduce the mark",Auto,Done/Icon
225,901213,9012,13,Sensuous shooting,WF,90,12,20,25,30,3,0,0,0,0,0,0,0.2,0.4,0.6,100,2,100,100,100,5000,7500,9750,0,0,Skill_9012,UI_Skill_Cam1,Power up,"When competing with opponent, they will reduce the mark",Auto,Done/Icon
226,901214,9012,14,Sensuous shooting,SS,90,12,20,25,30,3,0,0,0,0,0,0,0.2,0.4,0.6,100,2,100,100,100,5000,7500,9750,0,0,Skill_9012,UI_Skill_Cam1,Power up,"When competing with opponent, they will reduce the mark",Auto,Done/Icon
227,901221,9012,21,Sensuous shooting,AM,90,12,25,30,35,3,0,0,0,0,0,0,0.2,0.4,0.6,100,2,100,100,100,6250,9000,11375,0,0,Skill_9012,UI_Skill_Cam1,Power up,"When competing with opponent, they will reduce the mark",Auto,Done/Icon
228,901311,9013,11,Balance sensation,ST,90,13,25,30,35,3,0,0,0,0,0,0,5,10,15,100,2,100,100,100,6250,9000,11375,0,0,Skill_9013,UI_Skill_Cam1,Power up,When the conflict endure without falling,Auto,Done/Icon
229,901314,9013,14,Balance sensation,SS,90,13,25,30,35,3,0,0,0,0,0,0,5,10,15,100,2,100,100,100,6250,9000,11375,0,0,Skill_9013,UI_Skill_Cam1,Power up,When the conflict endure without falling,Auto,Done/Icon
230,901321,9013,21,Balance sensation,AM,90,13,25,30,35,3,0,0,0,0,0,0,5,10,15,100,2,100,100,100,6250,9000,11375,0,0,Skill_9013,UI_Skill_Cam1,Power up,When the conflict endure without falling,Auto,Done/Icon
231,901322,9013,22,Balance sensation,CM,90,13,25,30,35,3,0,0,0,0,0,0,5,10,15,100,2,100,100,100,6250,9000,11375,0,0,Skill_9013,UI_Skill_Cam1,Power up,When the conflict endure without falling,Auto,Done/Icon
232,901323,9013,23,Balance sensation,SM,90,13,25,30,35,3,0,0,0,0,0,0,5,10,15,100,2,100,100,100,6250,9000,11375,0,0,Skill_9013,UI_Skill_Cam1,Power up,When the conflict endure without falling,Auto,Done/Icon
233,901421,9014,21,Recover breath,AM,90,14,25,30,35,3,0,0,0,0,0,0,10,30,50,100,2,100,100,100,6250,9000,11375,0,0,Skill_9014,UI_Skill_Cam1,Power up for stamina,Increase stamina recovery during stopping,Auto,Done/Icon
234,901422,9014,22,Recover breath,CM,90,14,25,30,35,3,0,0,0,0,0,0,10,30,50,100,2,100,100,100,6250,9000,11375,0,0,Skill_9014,UI_Skill_Cam1,Power up for stamina,Increase stamina recovery during stopping,Auto,Done/Icon
235,901423,9014,23,Recover breath,SM,90,14,20,25,30,3,0,0,0,0,0,0,10,30,50,100,2,100,100,100,5000,7500,9750,0,0,Skill_9014,UI_Skill_Cam1,Power up for stamina,Increase stamina recovery during stopping,Auto,Done/Icon
236,901424,9014,24,Recover breath,DM,90,14,20,25,30,3,0,0,0,0,0,0,10,30,50,100,2,100,100,100,5000,7500,9750,0,0,Skill_9014,UI_Skill_Cam1,Power up for stamina,Increase stamina recovery during stopping,Auto,Done/Icon
237,901533,9015,33,Holding relief,SP,90,15,30,35,40,3,10,15,20,0,0,0,10,30,50,100,2,100,100,100,7500,10500,13000,0,0,Skill_9015,UI_Skill_Cam1,Power up for stamina,Increase stamina recovery during stopping,Auto,Done/Icon
238,901631,9016,31,Sensuous Clearing,SW,90,16,25,30,35,3,10,15,20,0,0,0,5,10,15,100,2,100,100,100,6250,9000,11375,0,0,Skill_9016,UI_Skill_Cam1,Power up,"When you clear the ball, it will Increase probability of ball acquirement",Auto,Done/Icon
239,901732,9017,32,Long clearing,CB,90,17,30,35,40,3,0,0,0,0,0,0,0.5,1,1.5,100,2,100,100,100,7500,10500,13000,0,0,Skill_9017,UI_Skill_Cam1,Power up,"When you clear the ball, you will have take away the ball",Auto,Done/Icon
240,901811,9018,11,Pass liner,ST,90,18,30,35,40,3,0,0,0,0,0,0,0.5,1,2,100,0,100,100,100,7500,10500,13000,0,0,Skill_9018,UI_Skill_Cam1,-,-,Auto,-
241,901812,9018,12,Pass liner,CF,90,18,25,25,30,35,0,0,0,0,0,0,0.5,1,2,100,0,100,100,100,6250,7500,9750,0,0,Skill_9018,UI_Skill_Cam1,-,-,Auto,-
242,901813,9018,13,Pass liner,WF,90,18,25,30,35,3,0,0,0,0,0,0,0.5,1,2,100,0,100,100,100,6250,9000,11375,0,0,Skill_9018,UI_Skill_Cam1,-,-,Auto,-
243,901814,9018,14,Pass liner,SS,90,18,25,30,35,3,0,0,0,0,0,0,0.5,1,2,100,0,100,100,100,6250,9000,11375,0,0,Skill_9018,UI_Skill_Cam1,-,-,Auto,-
244,901931,9019,31,Cross liner,SW,90,19,20,25,30,3,0,0,0,0,0,0,0.5,1,2,100,0,100,100,100,5000,7500,9750,0,0,Skill_9019,UI_Skill_Cam1,-,-,Auto,-
245,901932,9019,32,Cross liner,CB,90,19,25,30,35,3,0,0,0,0,0,0,0.5,1,2,100,0,100,100,100,6250,9000,11375,0,0,Skill_9019,UI_Skill_Cam1,-,-,Auto,-
246,901933,9019,33,Cross liner,SP,90,19,25,30,35,3,0,0,0,0,0,0,0.5,1,2,100,0,100,100,100,6250,9000,11375,0,0,Skill_9019,UI_Skill_Cam1,-,-,Auto,-
247,902011,9020,11,Expert shooting,ST,90,20,25,30,35,3,0,0,0,0,0,0,5,10,15,100,2,100,100,100,6250,9000,11375,0,0,Skill_9020,UI_Skill_Cam1,Power up for shooting,Increase all of shooting probability of success,Auto,Done/Icon
248,902012,9020,12,Expert shooting,CF,90,20,30,35,40,3,0,0,0,0,0,0,5,10,15,100,2,100,100,100,7500,10500,13000,0,0,Skill_9020,UI_Skill_Cam1,Power up for shooting,Increase all of shooting probability of success,Auto,Done/Icon
249,902013,9020,13,Expert shooting,WF,90,20,25,30,35,3,0,0,0,0,0,0,5,10,15,100,2,100,100,100,6250,9000,11375,0,0,Skill_9020,UI_Skill_Cam1,Power up for shooting,Increase all of shooting probability of success,Auto,Done/Icon
250,902014,9020,14,Expert shooting,SS,90,20,30,35,40,3,0,0,0,0,0,0,5,10,15,100,2,100,100,100,7500,10500,13000,0,0,Skill_9020,UI_Skill_Cam1,Power up for shooting,Increase all of shooting probability of success,Auto,Done/Icon
251,902021,9020,21,Expert shooting,AM,90,20,30,35,40,3,0,0,0,0,0,0,5,10,15,100,2,100,100,100,7500,10500,13000,0,0,Skill_9020,UI_Skill_Cam1,Power up for shooting,Increase all of shooting probability of success,Auto,Done/Icon
252,902112,9021,12,Ball control,CF,90,21,20,25,30,3,0,0,0,0,0,0,5,10,15,100,2,100,100,100,5000,7500,9750,0,0,Skill_9021,UI_Skill_Cam1,Power up for ball control,Increase probability that don't have taken away the ball,Auto,Done/Icon
253,902113,9021,13,Ball control,WF,90,21,30,35,40,3,0,0,0,0,0,0,5,10,15,100,2,100,100,100,7500,10500,13000,0,0,Skill_9021,UI_Skill_Cam1,Power up for ball control,Increase probability that don't have taken away the ball,Auto,Done/Icon
254,902123,9021,23,Ball control,SM,90,21,20,25,30,3,0,0,0,0,0,0,5,10,15,100,2,100,100,100,5000,7500,9750,0,0,Skill_9021,UI_Skill_Cam1,Power up for ball control,Increase probability that don't have taken away the ball,Auto,Done/Icon
255,902222,9022,22,Nimble leg,CM,90,22,25,30,35,3,0,0,0,0,0,0,5,10,15,100,2,100,100,100,6250,9000,11375,0,0,Skill_9022,UI_Skill_Cam1,Power up for stealing,Increase steal probability of success,Auto,Done/Icon
256,902223,9022,23,Nimble leg,SM,90,22,30,35,40,3,0,0,0,0,0,0,5,10,15,100,2,100,100,100,7500,10500,13000,0,0,Skill_9022,UI_Skill_Cam1,Power up for stealing,Increase steal probability of success,Auto,Done/Icon
257,902224,9022,24,Nimble leg,DM,90,22,25,30,35,3,0,0,0,0,0,0,5,10,15,100,2,100,100,100,6250,9000,11375,0,0,Skill_9022,UI_Skill_Cam1,Power up for stealing,Increase steal probability of success,Auto,Done/Icon
258,902331,9023,31,Soft sliding,SW,90,23,25,30,35,3,0,0,0,0,0,0,5,10,15,100,2,100,100,100,6250,9000,11375,0,0,Skill_9023,UI_Skill_Cam1,Power up for tackling,Increase tackle probability of success,Auto,Done
259,902332,9023,32,Soft sliding,CB,90,23,25,30,35,3,0,0,0,0,0,0,5,10,15,100,2,100,100,100,6250,9000,11375,0,0,Skill_9023,UI_Skill_Cam1,Power up for tackling,Increase tackle probability of success,Auto,Done
260,902333,9023,33,Soft sliding,SP,90,23,25,30,35,3,0,0,0,0,0,0,5,10,15,100,2,100,100,100,6250,9000,11375,0,0,Skill_9023,UI_Skill_Cam1,Power up for tackling,Increase tackle probability of success,Auto,Done
261,902410,9024,10,shooting ensemble,FW,90,24,5,10,15,3,0,0,0,0,0,0,40,70,100,100,2,100,100,100,1000,2200,3900,0,0,Skill_9024,UI_Skill_Cam1,Power up for shooting,Increase shooting probability of success by pass ensemble,Auto,Done
262,902420,9024,20,shooting ensemble,MF,90,24,10,15,20,3,0,0,0,0,0,0,40,70,100,100,2,100,100,100,2000,3300,5200,0,0,Skill_9024,UI_Skill_Cam1,Power up for shooting,Increase shooting probability of success by pass ensemble,Auto,Done
263,902430,9024,30,shooting ensemble,DF,90,24,15,20,25,3,0,0,0,0,0,0,40,70,100,100,2,100,100,100,3000,4400,6500,0,0,Skill_9024,UI_Skill_Cam1,Power up for shooting,Increase shooting probability of success by pass ensemble,Auto,Done
264,902510,9025,10,Short pass ensemble,FW,90,25,15,20,25,3,0,0,0,0,0,0,40,70,100,100,2,100,100,100,3000,4400,6500,0,0,Skill_9025,UI_Skill_Cam1,Power up for passing,"Passive, Add the short pass ability in probability of shooting",Auto,Done/Icon
265,902520,9025,20,Short pass ensemble,MF,90,25,5,10,15,3,0,0,0,0,0,0,40,70,100,100,2,100,100,100,1000,2200,3900,0,0,Skill_9025,UI_Skill_Cam1,Power up for passing,"Passive, Add the short pass ability in probability of shooting",Auto,Done/Icon
266,902530,9025,30,Short pass ensemble,DF,90,25,10,15,20,3,0,0,0,0,0,0,40,70,100,100,2,100,100,100,2000,3300,5200,0,0,Skill_9025,UI_Skill_Cam1,Power up for passing,"Passive, Add the short pass ability in probability of shooting",Auto,Done/Icon
267,902610,9026,10,Long pass ensemble,FW,90,26,10,15,20,3,0,0,0,0,0,0,40,70,100,100,2,100,100,100,2000,3300,5200,0,0,Skill_9026,UI_Skill_Cam1,Power up for passing,"Passive, Add the long pass ability in probability of shooting",Auto,Done/Icon
268,902620,9026,20,Long pass ensemble,MF,90,26,15,20,25,3,0,0,0,0,0,0,40,70,100,100,2,100,100,100,3000,4400,6500,0,0,Skill_9026,UI_Skill_Cam1,Power up for passing,"Passive, Add the long pass ability in probability of shooting",Auto,Done/Icon
269,902630,9026,30,Long pass ensemble,DF,90,26,5,10,15,3,0,0,0,0,0,0,40,70,100,100,2,100,100,100,1000,2200,3900,0,0,Skill_9026,UI_Skill_Cam1,Power up for passing,"Passive, Add the long pass ability in probability of shooting",Auto,Done/Icon
270,905010,9050,10,Anger,FW,90,50,10,20,30,3,0,0,0,0,0,0,10,20,30,100,2,100,100,100,2000,4400,7800,0,0,Skill_9050,UI_Skill_Cam1,Power up,"Passive, All ability incretions when you are losing a game 2 goals difference",Auto,Done/Icon
271,905020,9050,20,Anger,MF,90,50,10,20,30,3,0,0,0,0,0,0,10,20,30,100,2,100,100,100,2000,4400,7800,0,0,Skill_9050,UI_Skill_Cam1,Power up,"Passive, All ability incretions when you are losing a game 2 goals difference",Auto,Done/Icon
272,905030,9050,30,Anger,DF,90,50,10,15,20,3,0,0,0,0,0,0,10,20,30,100,2,100,100,100,2000,3300,5200,0,0,Skill_9050,UI_Skill_Cam1,Power up,"Passive, All ability incretions when you are losing a game 2 goals difference",Auto,Done/Icon
