Index,Code,Type,Order,Design,Color,Name,Rate,Wear,Company,Gender,Brand,Divest,Limit,Exchange,Inchant,Sum,Gift,Parcel,Free,New,Event,Amount,Discount,Sell,Cash,Point,Option1,Option2,Option3,Option4,Option5,IconFile10,IconFile20,MeshFile10,MeshFile20,EnvironFile10,EnvironFile20,TextureFile11,TextureFile12,TextureFile13,TextureFile21,TextureFile22,Description
0,101101111,101,101,1,11,وجه رجل 1,0,0,0,1,0,0,0,120,0,0,0,0,0,0,0,65535,100,2,1000,1000,0,0,0,0,0,Face11_101_D1_C11,-,Face11_101,-,-,-,Face11_101_D1_C11,-,-,-,-,الاستخدام : اداة زينة
1,101101112,101,101,1,12,وجه رجل 2,0,0,0,1,0,0,0,120,0,0,0,0,0,0,0,65535,100,2,1000,1000,0,0,0,0,0,Face12_101_D1_C12,-,Face12_101,-,-,-,-,Face12_101_D1_C12,-,-,-,الاستخدام : اداة زينة
2,101101113,101,101,1,13,وجه رجل 3,0,0,0,1,0,0,0,120,0,0,0,0,0,0,0,65535,100,2,1000,1000,0,0,0,0,0,Face13_101_D1_C13,-,Face13_101,-,-,-,-,-,Face13_101_D1_C13,-,-,الاستخدام : اداة زينة
3,101101121,101,101,1,21,وجه مرأة 1,0,0,0,2,0,0,0,120,0,0,0,0,0,0,0,65535,100,2,1000,1000,0,0,0,0,0,-,Face21_101_D1_C21,-,Face21_101,-,-,-,-,-,Face21_101_D1_C21,-,الاستخدام : اداة زينة
4,101101122,101,101,1,22,وجه مرأة 2,0,0,0,2,0,0,0,120,0,0,0,0,0,0,0,65535,100,2,1000,1000,0,0,0,0,0,-,Face22_101_D1_C22,-,Face22_101,-,-,-,-,-,-,Face22_101_D1_C22,الاستخدام : اداة زينة
5,102101101,102,101,1,1,رعونة أساسية,20,1,0,1,0,0,0,120,0,0,0,0,0,0,0,65535,100,2,1000,2000,0,0,0,0,0,Hair11_101_D1_C1,-,Hair10_101,-,-,-,Hair11_101_D1_C1,Hair11_101_D1_C1,Hair11_101_D1_C1,-,-,الاستخدام : اداة زينة
6,102102101,102,102,1,1,قصة فانكي قصيرة,20,1,0,1,0,0,0,120,0,0,0,0,0,0,0,65535,100,2,1000,3000,0,0,0,0,0,Hair11_102_D1_C1,-,Hair10_102,-,-,-,Hair11_102_D1_C1,Hair11_102_D1_C1,Hair11_102_D1_C1,-,-,الاستخدام : اداة زينة
7,102103101,102,103,1,1,فصة فانكي طبيعية,20,1,0,2,0,0,0,120,0,0,0,0,0,0,0,65535,100,2,1000,2000,0,0,0,0,0,-,Hair21_103_D1_C1,-,Hair20_103,-,-,-,-,-,Hair21_103_D1_C1,Hair21_103_D1_C1,الاستخدام : اداة زينة
8,102104101,102,104,1,1,قصة متوسطة الطول,20,1,0,2,0,0,0,120,0,0,0,0,0,0,0,65535,100,2,1000,3000,0,0,0,0,0,-,Hair21_104_D1_C1,-,Hair20_104,-,-,-,-,-,Hair21_104_D1_C1,Hair21_104_D1_C1,الاستخدام : اداة زينة
9,102105101,102,105,1,1,ربطة ذيل الحصان,20,1,0,1,0,0,0,120,0,0,0,0,0,0,0,65535,100,2,1000,1500,0,0,0,0,0,Hair11_105_D1_C1,-,Hair10_105,-,-,-,Hair11_105_D1_C1,Hair11_105_D1_C1,Hair11_105_D1_C1,-,-,الاستخدام : اداة زينة
10,102106101,102,106,1,1,قصة مخربطة,20,1,0,1,0,0,0,120,0,0,0,0,0,0,0,65535,100,2,1000,3000,0,0,0,0,0,Hair11_106_D1_C1,-,Hair10_106,-,-,-,Hair11_106_D1_C1,Hair11_106_D1_C1,Hair11_106_D1_C1,-,-,الاستخدام : اداة زينة
11,102107101,102,107,1,1,طاقية,20,1,0,1,0,0,0,120,0,0,0,0,0,0,0,65535,100,2,1000,2000,0,0,0,0,0,Hair11_107_D1_C1,-,Hair10_107,-,-,-,Hair11_107_D1_C1,Hair11_107_D1_C1,Hair11_107_D1_C1,-,-,الاستخدام : اداة زينة
12,102108101,102,108,1,1,قصة جاكي,20,1,0,2,0,0,0,120,0,0,0,0,0,0,0,65535,100,2,1000,3000,0,0,0,0,0,-,Hair21_108_D1_C1,-,Hair20_108,-,-,-,-,-,Hair21_108_D1_C1,Hair21_108_D1_C1,الاستخدام : اداة زينة
13,102109101,102,109,1,1,لاصقة طبية ناعمة,20,1,0,1,0,0,0,120,0,0,0,0,0,0,0,65535,100,2,1000,3000,0,0,0,0,0,Hair11_109_D1_C1,-,Hair10_109,-,-,-,Hair11_109_D1_C1,Hair11_109_D1_C1,Hair11_109_D1_C1,-,-,الاستخدام : اداة زينة
14,103101101,103,101,1,1,برق,20,2,0,0,0,0,0,120,0,0,0,0,0,0,0,200,100,2,1000,2000,0,0,0,0,0,Paint10_101_D1_C1,Paint10_101_D1_C1,Paint10_101,Paint20_101,-,-,Paint10_101_D1_C1,Paint10_101_D1_C1,Paint10_101_D1_C1,Paint10_101_D1_C1,Paint10_101_D1_C1,الاستخدام : اداة زينة
15,103101201,103,101,2,1,قناع,20,2,0,0,0,0,0,120,0,0,0,0,0,0,0,200,100,2,1000,1500,0,0,0,0,0,Paint10_101_D2_C1,Paint10_101_D2_C1,Paint10_101,Paint20_101,-,-,Paint10_101_D2_C1,Paint10_101_D2_C1,Paint10_101_D2_C1,Paint10_101_D2_C1,Paint10_101_D2_C1,الاستخدام : اداة زينة
16,103101301,103,101,3,1,أفعى,20,2,0,0,0,0,0,120,0,0,0,0,0,0,0,200,100,2,1000,1500,0,0,0,0,0,Paint10_101_D3_C1,Paint10_101_D3_C1,Paint10_101,Paint20_101,-,-,Paint10_101_D3_C1,Paint10_101_D3_C1,Paint10_101_D3_C1,Paint10_101_D3_C1,Paint10_101_D3_C1,الاستخدام : اداة زينة
17,103101401,103,101,4,1,لاصقة طبية,20,2,0,0,0,0,0,120,0,0,0,0,0,0,0,200,100,2,1000,1500,0,0,0,0,0,Paint10_101_D4_C1,Paint10_101_D4_C1,Paint10_101,Paint20_101,-,-,Paint10_101_D4_C1,Paint10_101_D4_C1,Paint10_101_D4_C1,Paint10_101_D4_C1,Paint10_101_D4_C1,الاستخدام : اداة زينة
18,201001101,201,1,1,1,كنزة اساسية للرجال,0,3,0,1,0,0,0,120,0,0,0,0,1,0,0,65535,100,2,1000,1000,0,0,0,0,0,Shirts11_1_D1_C1,-,Shirts10_1,-,-,-,Shirts11_1_D1_C1,Shirts12_1_D1_C1,Shirts13_1_D1_C1,-,-,الاستخدام : اداة زينة
19,201001102,201,1,1,2,كنزة اساسية للرجال,0,3,0,1,0,0,0,120,0,0,0,0,1,0,0,65535,100,2,1000,1000,0,0,0,0,0,Shirts11_1_D1_C2,-,Shirts10_1,-,-,-,Shirts11_1_D1_C2,Shirts12_1_D1_C2,Shirts13_1_D1_C2,-,-,الاستخدام : اداة زينة
20,201001103,201,1,1,3,كنزة اساسية للرجال,0,3,0,1,0,0,0,120,0,0,0,0,1,0,0,65535,100,2,1000,1000,0,0,0,0,0,Shirts11_1_D1_C3,-,Shirts10_1,-,-,-,Shirts11_1_D1_C3,Shirts12_1_D1_C3,Shirts13_1_D1_C3,-,-,الاستخدام : اداة زينة
21,201002101,201,2,1,1,كنزة اساسية للنساء,0,3,0,2,0,0,0,120,0,0,0,0,1,0,0,65535,100,0,1000,1000,0,0,0,0,0,-,Shirts21_2_D1_C1,-,Shirts20_2,-,-,-,-,-,Shirts21_2_D1_C1,Shirts22_2_D1_C1,الاستخدام : اداة زينة
22,201002102,201,2,1,2,كنزة اساسية للنساء,0,3,0,2,0,0,0,120,0,0,0,0,1,0,0,65535,100,0,1000,1000,0,0,0,0,0,-,Shirts21_2_D1_C2,-,Shirts20_2,-,-,-,-,-,Shirts21_2_D1_C2,Shirts22_2_D1_C2,الاستخدام : اداة زينة
23,201002103,201,2,1,3,كنزة اساسية للنساء,0,3,0,2,0,0,0,120,0,0,0,0,1,0,0,65535,100,0,1000,1000,0,0,0,0,0,-,Shirts21_2_D1_C3,-,Shirts20_2,-,-,-,-,-,Shirts21_2_D1_C3,Shirts22_2_D1_C3,الاستخدام : اداة زينة
24,201002191,201,2,1,91,كنزة اساسية للنساء,0,3,0,2,0,0,0,120,0,0,0,0,1,0,0,65535,100,2,1000,1000,0,0,0,0,0,-,Shirts21_2_D1_C91,-,Shirts20_2,-,-,-,-,-,Shirts21_2_D1_C91,Shirts22_2_D1_C91,الاستخدام : اداة زينة
25,201002192,201,2,1,92,كنزة اساسية للنساء,0,3,0,2,0,0,0,120,0,0,0,0,1,0,0,65535,100,2,1000,1000,0,0,0,0,0,-,Shirts21_2_D1_C92,-,Shirts20_2,-,-,-,-,-,Shirts21_2_D1_C92,Shirts22_2_D1_C92,الاستخدام : اداة زينة
26,201002193,201,2,1,93,كنزة اساسية للنساء,0,3,0,2,0,0,0,120,0,0,0,0,1,0,0,65535,100,2,1000,1000,0,0,0,0,0,-,Shirts21_2_D1_C93,-,Shirts20_2,-,-,-,-,-,Shirts21_2_D1_C93,Shirts22_2_D1_C93,الاستخدام : اداة زينة
27,201101101,201,101,1,1,كنزة مع قبعة,20,3,0,1,0,102401402,0,120,0,0,0,0,0,0,0,200,100,2,1000,2500,0,0,0,0,0,Shirts11_101_D1_C1,-,Shirts10_101,-,-,-,Shirts11_101_D1_C1,Shirts12_101_D1_C1,Shirts13_101_D1_C1,-,-,الاستخدام : اداة زينة
28,201101102,201,101,1,2,كنزة مع قبعة,20,3,0,1,0,102401402,0,120,0,0,0,0,0,0,0,200,100,2,1000,2500,0,0,0,0,0,Shirts11_101_D1_C2,-,Shirts10_101,-,-,-,Shirts11_101_D1_C2,Shirts12_101_D1_C2,Shirts13_101_D1_C2,-,-,الاستخدام : اداة زينة
29,201101103,201,101,1,3,كنزة مع قبعة,20,3,0,1,0,102401402,0,120,0,0,0,0,0,0,0,200,100,2,1000,2500,0,0,0,0,0,Shirts11_101_D1_C3,-,Shirts10_101,-,-,-,Shirts11_101_D1_C3,Shirts12_101_D1_C3,Shirts13_101_D1_C3,-,-,الاستخدام : اداة زينة
30,201102101,201,102,1,1,جاكيت,20,3,0,2,0,303401402,0,120,0,0,0,0,0,0,0,200,100,2,1000,2500,0,0,0,0,0,-,Shirts21_102_D1_C1,-,Shirts20_102,-,-,-,-,-,Shirts21_102_D1_C1,Shirts22_102_D1_C1,الاستخدام : اداة زينة
31,201103101,201,103,1,1,كنزة جمجمة,20,3,0,1,0,0,0,120,0,0,0,0,0,0,0,200,100,2,1000,2500,0,0,0,0,0,Shirts11_103_D1_C1,-,Shirts10_103,-,-,-,Shirts11_103_D1_C1,Shirts12_103_D1_C1,Shirts13_103_D1_C1,-,-,الاستخدام : اداة زينة
32,201103102,201,103,1,2,كنزة جمجمة,20,3,0,1,0,0,0,120,0,0,0,0,0,0,0,200,100,2,1000,2500,0,0,0,0,0,Shirts11_103_D1_C2,-,Shirts10_103,-,-,-,Shirts11_103_D1_C2,Shirts12_103_D1_C2,Shirts13_103_D1_C2,-,-,الاستخدام : اداة زينة
33,201103103,201,103,1,3,كنزة جمجمة,20,3,0,1,0,0,0,120,0,0,0,0,0,0,0,200,100,2,1000,2500,0,0,0,0,0,Shirts11_103_D1_C3,-,Shirts10_103,-,-,-,Shirts11_103_D1_C3,Shirts12_103_D1_C3,Shirts13_103_D1_C3,-,-,الاستخدام : اداة زينة
34,201104101,201,104,1,1,جاكيت فضي لامع,20,3,0,2,0,303401402,0,120,0,0,0,0,0,0,0,200,100,0,1000,2500,0,0,0,0,0,-,Shirts21_104_D1_C1,-,Shirts20_104,-,-,-,-,-,Shirts21_104_D1_C1,Shirts22_104_D1_C1,الاستخدام : اداة زينة
35,201104191,201,104,1,91,جاكيت فضي لامع,20,3,0,2,0,303401402,0,120,0,0,0,0,0,0,0,200,100,2,1000,2500,0,0,0,0,0,-,Shirts21_104_D1_C91,-,Shirts20_104,-,-,-,-,-,Shirts21_104_D1_C91,Shirts22_104_D1_C91,الاستخدام : اداة زينة
36,201105101,201,105,1,1,جاكيت تدريب النقاط,20,3,0,1,0,303401402,0,120,0,0,0,0,0,0,0,200,100,2,1000,2500,0,0,0,0,0,Shirts11_105_D1_C1,-,Shirts10_105,-,-,-,Shirts11_105_D1_C1,Shirts11_105_D1_C1,Shirts11_105_D1_C1,-,-,الاستخدام : اداة زينة
37,201105102,201,105,1,2,جاكيت تدريب النقاط,20,3,0,1,0,303401402,0,120,0,0,0,0,0,0,0,200,100,2,1000,2500,0,0,0,0,0,Shirts11_105_D1_C2,-,Shirts10_105,-,-,-,Shirts11_105_D1_C2,Shirts11_105_D1_C2,Shirts11_105_D1_C2,-,-,الاستخدام : اداة زينة
38,201105103,201,105,1,3,جاكيت تدريب النقاط,20,3,0,1,0,303401402,0,120,0,0,0,0,0,0,0,200,100,2,1000,2500,0,0,0,0,0,Shirts11_105_D1_C3,-,Shirts10_105,-,-,-,Shirts11_105_D1_C3,Shirts11_105_D1_C3,Shirts11_105_D1_C3,-,-,الاستخدام : اداة زينة
39,201106101,201,106,1,1,جاكيت منقط زهري,20,3,0,2,0,303402,0,120,0,0,0,0,0,0,0,200,100,0,1000,2500,0,0,0,0,0,-,Shirts21_106_D1_C1,-,Shirts20_106,-,-,-,-,-,Shirts21_106_D1_C1,Shirts22_106_D1_C1,الاستخدام : اداة زينة
40,201106191,201,106,1,91,جاكيت منقط زهري,20,3,0,2,0,303401402,0,120,0,0,0,0,0,0,0,200,100,2,1000,2500,0,0,0,0,0,-,Shirts21_106_D1_C91,-,Shirts20_106,-,-,-,-,-,Shirts21_106_D1_C91,Shirts22_106_D1_C91,الاستخدام : اداة زينة
41,201107101,201,107,1,1,كنزة,20,3,0,1,0,401402,0,120,0,0,0,0,0,0,0,200,100,2,1000,1800,0,0,0,0,0,Shirts11_107_D1_C1,-,Shirts10_107,-,-,-,Shirts11_107_D1_C1,Shirts12_107_D1_C1,Shirts13_107_D1_C1,-,-,الاستخدام : اداة زينة
42,201107102,201,107,1,2,كنزة,20,3,0,1,0,401402,0,120,0,0,0,0,0,0,0,200,100,2,1000,1800,0,0,0,0,0,Shirts11_107_D1_C2,-,Shirts10_107,-,-,-,Shirts11_107_D1_C2,Shirts12_107_D1_C2,Shirts13_107_D1_C2,-,-,الاستخدام : اداة زينة
43,201107103,201,107,1,3,كنزة,20,3,0,1,0,401402,0,120,0,0,0,0,0,0,0,200,100,2,1000,1800,0,0,0,0,0,Shirts11_107_D1_C3,-,Shirts10_107,-,-,-,Shirts11_107_D1_C3,Shirts12_107_D1_C3,Shirts13_107_D1_C3,-,-,الاستخدام : اداة زينة
44,201108101,201,108,1,1,كنزة ذات قبعة مصوفة,20,3,0,2,0,401402,0,120,0,0,0,0,0,0,0,200,100,2,1000,1800,0,0,0,0,0,-,Shirts21_108_D1_C1,-,Shirts20_108,-,-,-,-,-,Shirts21_108_D1_C1,Shirts22_108_D1_C1,الاستخدام : اداة زينة
45,201109101,201,109,1,1,جاكبت منفوخ,20,3,0,1,0,303401402,0,120,0,0,0,0,0,0,0,200,100,2,1000,1800,0,0,0,0,0,Shirts11_109_D1_C1,-,Shirts10_109,-,-,-,Shirts11_109_D1_C1,Shirts12_109_D1_C1,Shirts13_109_D1_C1,-,-,الاستخدام : اداة زينة
46,201109102,201,109,1,2,جاكبت منفوخ,20,3,0,1,0,303401402,0,120,0,0,0,0,0,0,0,200,100,2,1000,1800,0,0,0,0,0,Shirts11_109_D1_C2,-,Shirts10_109,-,-,-,Shirts11_109_D1_C2,Shirts12_109_D1_C2,Shirts13_109_D1_C2,-,-,الاستخدام : اداة زينة
47,201109103,201,109,1,3,جاكبت منفوخ,20,3,0,1,0,303401402,0,120,0,0,0,0,0,0,0,200,100,2,1000,1800,0,0,0,0,0,Shirts11_109_D1_C3,-,Shirts10_109,-,-,-,Shirts11_109_D1_C3,Shirts12_109_D1_C3,Shirts13_109_D1_C3,-,-,الاستخدام : اداة زينة
48,201110101,201,110,1,1,سترة طويلة,20,3,0,2,0,303401402,0,120,0,0,0,0,0,0,0,200,100,2,1000,1800,0,0,0,0,0,-,Shirts21_110_D1_C1,-,Shirts20_110,-,-,-,-,-,Shirts21_110_D1_C1,Shirts22_110_D1_C1,الاستخدام : اداة زينة
49,201111101,201,111,1,1,جاكيت السباق,20,3,0,1,0,303401402,0,120,0,0,0,0,0,0,0,200,100,2,1000,2500,0,0,0,0,0,Shirts11_111_D1_C1,-,Shirts10_111,-,-,-,Shirts11_111_D1_C1,Shirts12_111_D1_C1,Shirts13_111_D1_C1,-,-,الاستخدام : اداة زينة
50,201112101,201,112,1,1,قبة مفتوحة,20,3,0,2,0,0,0,120,0,0,0,0,0,0,0,200,100,0,1000,2500,0,0,0,0,0,-,Shirts21_112_D1_C1,-,Shirts20_112,-,-,-,-,-,Shirts21_112_D1_C1,Shirts22_112_D1_C1,الاستخدام : اداة زينة
51,201112191,201,112,1,91,قبة مفتوحة,20,3,0,2,0,0,0,120,0,0,0,0,0,0,0,200,100,2,1000,2500,0,0,0,0,0,-,Shirts21_112_D1_C91,-,Shirts20_112,-,-,-,-,-,Shirts21_112_D1_C91,Shirts22_112_D1_C91,الاستخدام : اداة زينة
52,201113101,201,113,1,1,جاكيت انيق,20,3,0,1,0,303401402,0,120,0,0,0,0,0,0,0,200,100,2,1000,2500,0,0,0,0,0,Shirts11_113_D1_C1,-,Shirts10_113,-,-,-,Shirts11_113_D1_C1,Shirts12_113_D1_C1,Shirts13_113_D1_C1,-,-,الاستخدام : اداة زينة
53,201113102,201,113,1,2,جاكيت انيق,20,3,0,1,0,303401402,0,120,0,0,0,0,0,0,0,200,100,2,1000,2500,0,0,0,0,0,Shirts11_113_D1_C2,-,Shirts10_113,-,-,-,Shirts11_113_D1_C2,Shirts12_113_D1_C2,Shirts13_113_D1_C2,-,-,الاستخدام : اداة زينة
54,201113103,201,113,1,3,جاكيت انيق,20,3,0,1,0,303401402,0,120,0,0,0,0,0,0,0,200,100,2,1000,2500,0,0,0,0,0,Shirts11_113_D1_C3,-,Shirts10_113,-,-,-,Shirts11_113_D1_C3,Shirts12_113_D1_C3,Shirts13_113_D1_C3,-,-,الاستخدام : اداة زينة
55,201115101,201,115,1,1,جاكيت كلاسيكي,20,3,0,1,0,303401402,0,120,0,0,0,0,0,0,0,200,100,2,1000,2500,0,0,0,0,0,Shirts11_115_D1_C1,-,Shirts10_115,-,-,-,Shirts11_115_D1_C1,Shirts12_115_D1_C1,Shirts13_115_D1_C1,-,-,الاستخدام : اداة زينة
56,201116101,201,116,1,1,جاكيت ليوبارد قصير,20,3,0,2,0,303401402,0,120,0,0,0,0,0,0,0,200,100,2,1000,2500,0,0,0,0,0,-,Shirts21_116_D1_C1,-,Shirts20_116,-,-,-,-,-,Shirts21_116_D1_C1,Shirts22_116_D1_C1,الاستخدام : اداة زينة
57,201117101,201,117,1,1,كنزة مكعبات زرقاء,20,3,0,1,0,401402,0,120,0,0,0,0,0,0,0,200,100,2,1000,2500,0,0,0,0,0,Shirts11_117_D1_C1,-,Shirts10_117,-,-,-,Shirts11_117_D1_C1,Shirts12_117_D1_C1,Shirts13_117_D1_C1,-,-,الاستخدام : اداة زينة
58,201118101,201,118,1,1,سترة طويلة لجلد الافعى,20,3,0,2,0,303401402,0,120,0,0,0,0,0,0,0,200,100,0,1000,1800,0,0,0,0,0,-,Shirts21_118_D1_C1,-,Shirts20_118,-,-,-,-,-,Shirts21_118_D1_C1,Shirts22_118_D1_C1,الاستخدام : اداة زينة
59,201118191,201,118,1,91,سترة طويلة لجلد الافعى,20,3,0,2,0,303401402,0,120,0,0,0,0,0,0,0,200,100,2,1000,1800,0,0,0,0,0,-,Shirts21_118_D1_C91,-,Shirts20_118,-,-,-,-,-,Shirts21_118_D1_C91,Shirts22_118_D1_C91,الاستخدام : اداة زينة
60,201119101,201,119,1,1,قميص صوفي,20,3,0,1,0,0,0,120,0,0,0,0,0,0,0,200,100,2,1000,4500,0,0,0,0,0,Shirts11_119_D1_C1,-,Shirts10_119,-,-,-,Shirts11_119_D1_C1,Shirts12_119_D1_C1,Shirts13_119_D1_C1,-,-,الاستخدام : اداة زينة
61,201120101,201,120,1,1,قميص صوفي,20,3,0,2,0,0,0,120,0,0,0,0,0,0,0,200,100,2,1000,4500,0,0,0,0,0,-,Shirts21_120_D1_C1,-,Shirts20_120,-,-,-,-,-,Shirts21_120_D1_C1,Shirts22_120_D1_C1,الاستخدام : اداة زينة
62,201121101,201,121,1,1,سترة التدريب,20,3,0,1,0,303401402,0,120,0,0,0,0,0,0,0,200,100,2,1000,4000,0,0,0,0,0,Shirts11_121_D1_C1,-,Shirts10_121,-,-,-,Shirts11_121_D1_C1,Shirts12_121_D1_C1,Shirts13_121_D1_C1,-,-,الاستخدام : اداة زينة
63,201122101,201,122,1,1,سترة التدريب,20,3,0,2,0,303401402,0,120,0,0,0,0,0,0,0,200,100,2,1000,4000,0,0,0,0,0,-,Shirts21_122_D1_C1,-,Shirts20_122,-,-,-,-,-,Shirts21_122_D1_C1,Shirts22_122_D1_C1,الاستخدام : اداة زينة
64,201123101,201,123,1,1,جاكيت القوة للتدريب,20,3,0,1,0,303401402,0,120,0,0,0,0,0,0,0,200,100,2,1000,4500,0,0,0,0,0,Shirts11_123_D1_C1,-,Shirts10_123,-,-,-,Shirts11_123_D1_C1,Shirts12_123_D1_C1,Shirts13_123_D1_C1,-,-,الاستخدام : اداة زينة
65,201123102,201,123,1,2,جاكيت القوة للتدريب,20,3,0,1,0,303401402,0,120,0,0,0,0,0,0,0,200,100,2,1000,4500,0,0,0,0,0,Shirts11_123_D1_C2,-,Shirts10_123,-,-,-,Shirts11_123_D1_C2,Shirts12_123_D1_C2,Shirts13_123_D1_C2,-,-,الاستخدام : اداة زينة
66,201123103,201,123,1,3,جاكيت القوة للتدريب,20,3,0,1,0,303401402,0,120,0,0,0,0,0,0,0,200,100,2,1000,4500,0,0,0,0,0,Shirts11_123_D1_C3,-,Shirts10_123,-,-,-,Shirts11_123_D1_C3,Shirts12_123_D1_C3,Shirts13_123_D1_C3,-,-,الاستخدام : اداة زينة
67,201123104,201,123,1,4,جاكيت القوة للتدريب,20,3,0,1,0,303401402,0,120,0,0,0,0,0,0,0,200,100,2,1000,4500,0,0,0,0,0,Shirts11_123_D1_C4,-,Shirts10_123,-,-,-,Shirts11_123_D1_C4,Shirts12_123_D1_C4,Shirts13_123_D1_C4,-,-,الاستخدام : اداة زينة
68,201123201,201,123,2,1,جاكيت اكس دي للتدريب,20,3,0,1,0,303401402,0,120,0,0,0,0,0,0,0,200,100,2,1000,4500,0,0,0,0,0,Shirts11_123_D2_C1,-,Shirts10_123,-,-,-,Shirts11_123_D2_C1,Shirts12_123_D2_C1,Shirts13_123_D2_C1,-,-,الاستخدام : اداة زينة
69,201124101,201,124,1,1,جاكيت مايمو مع قبعة,20,3,0,2,0,303401402,0,120,0,0,0,0,0,0,0,200,100,2,1000,4500,0,0,0,0,0,-,Shirts21_124_D1_C1,-,Shirts20_124,-,-,-,-,-,Shirts21_124_D1_C1,Shirts22_124_D1_C1,الاستخدام : اداة زينة
70,201124201,201,124,2,1,جاكيت شارك مع قبعة,20,3,0,2,0,303401402,0,120,0,0,0,0,0,0,0,200,100,2,1000,4500,0,0,0,0,0,-,Shirts21_124_D2_C1,-,Shirts20_124,-,-,-,-,-,Shirts21_124_D2_C1,Shirts22_124_D2_C1,الاستخدام : اداة زينة
71,201124301,201,124,3,1,جاكيت ستار مع قبعة,20,3,0,2,0,303401402,0,120,0,0,0,0,0,0,0,200,100,2,1000,4500,0,0,0,0,0,-,Shirts21_124_D3_C1,-,Shirts20_124,-,-,-,-,-,Shirts21_124_D3_C1,Shirts22_124_D3_C1,الاستخدام : اداة زينة
72,201124401,201,124,4,1,جاكيت مخطط قلوب,20,3,0,2,0,303401402,0,120,0,0,0,0,0,0,0,200,100,2,1000,4500,0,0,0,0,0,-,Shirts21_124_D4_C1,-,Shirts20_124,-,-,-,-,-,Shirts21_124_D4_C1,Shirts22_124_D4_C1,الاستخدام : اداة زينة
73,201124501,201,124,5,1,جاكيت مخطط أحمر,20,3,0,2,0,303401402,0,120,0,0,0,0,0,0,0,200,100,2,1000,4500,0,0,0,0,0,-,Shirts21_124_D5_C1,-,Shirts20_124,-,-,-,-,-,Shirts21_124_D5_C1,Shirts22_124_D5_C1,الاستخدام : اداة زينة
74,201125101,201,125,1,1,جاكيت فورس المحترف,20,3,0,1,0,402,0,120,0,0,0,0,0,0,0,200,100,2,1000,4500,0,0,0,0,0,Shirts11_125_D1_C1,-,Shirts10_125,-,-,-,Shirts11_125_D1_C1,Shirts12_125_D1_C1,Shirts13_125_D1_C1,-,-,الاستخدام : اداة زينة
75,201125102,201,125,1,2,جاكيت فورس المحترف,20,3,0,1,0,402,0,120,0,0,0,0,0,0,0,200,100,2,1000,4500,0,0,0,0,0,Shirts11_125_D1_C2,-,Shirts10_125,-,-,-,Shirts11_125_D1_C2,Shirts12_125_D1_C2,Shirts13_125_D1_C2,-,-,الاستخدام : اداة زينة
76,201125103,201,125,1,3,جاكيت فورس المحترف,20,3,0,1,0,402,0,120,0,0,0,0,0,0,0,200,100,2,1000,4500,0,0,0,0,0,Shirts11_125_D1_C3,-,Shirts10_125,-,-,-,Shirts11_125_D1_C3,Shirts12_125_D1_C3,Shirts13_125_D1_C3,-,-,الاستخدام : اداة زينة
77,201125104,201,125,1,4,جاكيت فورس المحترف,20,3,0,1,0,402,0,120,0,0,0,0,0,0,0,200,100,2,1000,4500,0,0,0,0,0,Shirts11_125_D1_C4,-,Shirts10_125,-,-,-,Shirts11_125_D1_C4,Shirts12_125_D1_C4,Shirts13_125_D1_C4,-,-,الاستخدام : اداة زينة
78,201125105,201,125,1,5,جاكيت فورس المحترف,20,3,0,1,0,402,0,120,0,0,0,0,0,0,0,200,100,2,1000,4500,0,0,0,0,0,Shirts11_125_D1_C5,-,Shirts10_125,-,-,-,Shirts11_125_D1_C5,Shirts12_125_D1_C5,Shirts13_125_D1_C5,-,-,الاستخدام : اداة زينة
79,201126101,201,126,1,1,جاكيت سيتي مع قبعة,20,3,0,2,0,0,0,120,0,0,0,0,0,0,0,200,100,0,1000,4500,0,0,0,0,0,-,Shirts21_126_D1_C1,-,Shirts20_126,-,-,-,-,-,Shirts21_126_D1_C1,Shirts22_126_D1_C1,الاستخدام : اداة زينة
80,201126102,201,126,1,2,جاكيت سيتي مع قبعة,20,3,0,2,0,0,0,120,0,0,0,0,0,0,0,200,100,0,1000,4500,0,0,0,0,0,-,Shirts21_126_D1_C2,-,Shirts20_126,-,-,-,-,-,Shirts21_126_D1_C2,Shirts22_126_D1_C2,الاستخدام : اداة زينة
81,201126103,201,126,1,3,جاكيت سيتي مع قبعة,20,3,0,2,0,0,0,120,0,0,0,0,0,0,0,200,100,0,1000,4500,0,0,0,0,0,-,Shirts21_126_D1_C3,-,Shirts20_126,-,-,-,-,-,Shirts21_126_D1_C3,Shirts22_126_D1_C3,الاستخدام : اداة زينة
82,201126104,201,126,1,4,جاكيت سيتي مع قبعة,20,3,0,2,0,0,0,120,0,0,0,0,0,0,0,200,100,0,1000,4500,0,0,0,0,0,-,Shirts21_126_D1_C4,-,Shirts20_126,-,-,-,-,-,Shirts21_126_D1_C4,Shirts22_126_D1_C4,الاستخدام : اداة زينة
83,201126105,201,126,1,5,جاكيت سيتي مع قبعة,20,3,0,2,0,0,0,120,0,0,0,0,0,0,0,200,100,0,1000,4500,0,0,0,0,0,-,Shirts21_126_D1_C5,-,Shirts20_126,-,-,-,-,-,Shirts21_126_D1_C5,Shirts22_126_D1_C5,الاستخدام : اداة زينة
84,201126191,201,126,1,91,جاكيت سيتي مع قبعة,20,3,0,2,0,0,0,120,0,0,0,0,0,0,0,200,100,2,1000,4500,0,0,0,0,0,-,Shirts21_126_D1_C91,-,Shirts20_126,-,-,-,-,-,Shirts21_126_D1_C91,Shirts22_126_D1_C91,الاستخدام : اداة زينة
85,201126192,201,126,1,92,جاكيت سيتي مع قبعة,20,3,0,2,0,0,0,120,0,0,0,0,0,0,0,200,100,2,1000,4500,0,0,0,0,0,-,Shirts21_126_D1_C92,-,Shirts20_126,-,-,-,-,-,Shirts21_126_D1_C92,Shirts22_126_D1_C92,الاستخدام : اداة زينة
86,201126193,201,126,1,93,جاكيت سيتي مع قبعة,20,3,0,2,0,0,0,120,0,0,0,0,0,0,0,200,100,2,1000,4500,0,0,0,0,0,-,Shirts21_126_D1_C93,-,Shirts20_126,-,-,-,-,-,Shirts21_126_D1_C93,Shirts22_126_D1_C93,الاستخدام : اداة زينة
87,201126194,201,126,1,94,جاكيت سيتي مع قبعة,20,3,0,2,0,0,0,120,0,0,0,0,0,0,0,200,100,2,1000,4500,0,0,0,0,0,-,Shirts21_126_D1_C94,-,Shirts20_126,-,-,-,-,-,Shirts21_126_D1_C94,Shirts22_126_D1_C94,الاستخدام : اداة زينة
88,201126195,201,126,1,95,جاكيت سيتي مع قبعة,20,3,0,2,0,0,0,120,0,0,0,0,0,0,0,200,100,2,1000,4500,0,0,0,0,0,-,Shirts21_126_D1_C95,-,Shirts20_126,-,-,-,-,-,Shirts21_126_D1_C95,Shirts22_126_D1_C95,الاستخدام : اداة زينة
89,201127101,201,127,1,1,جاكيت حارس أحمر,20,3,0,2,0,0,0,120,0,0,0,0,0,0,0,200,100,0,1000,4500,0,0,0,0,0,Shirts11_127_D1_C1,-,Shirts10_127,-,-,-,Shirts11_127_D1_C1,Shirts11_127_D1_C1,Shirts11_127_D1_C1,-,-,الاستخدام : اداة زينة
90,201127102,201,127,1,2,جاكيت حارس أزرق,20,3,0,2,0,0,0,120,0,0,0,0,0,0,0,200,100,0,1000,4500,0,0,0,0,0,Shirts11_127_D1_C2,-,Shirts10_127,-,-,-,Shirts11_127_D1_C2,Shirts11_127_D1_C2,Shirts11_127_D1_C2,-,-,الاستخدام : اداة زينة
91,201128101,201,128,1,1,الأرنب الأبيض,20,3,0,1,0,ABC102202203204205302303401402403,0,120,0,0,0,0,0,0,1,200,100,0,1000,500,10010605,10020305,18730705,18620405,0,Shirts11_128_D1_C1,-,Shirts10_128,-,-,-,Shirts11_128_D1_C1,Shirts11_128_D1_C1,Shirts11_128_D1_C1,-,-,الاستخدام : اداة زينة
92,201129101,201,129,1,1,الأرنب الوردي,20,3,0,2,0,ABC102202203204205302303401402403,0,120,0,0,0,0,0,0,1,200,100,0,1000,500,10010605,10020305,18730705,18620405,0,-,Shirts21_129_D1_C1,-,Shirts20_129,-,-,-,-,-,Shirts21_129_D1_C1,Shirts21_129_D1_C1,الاستخدام : اداة زينة
93,201130101,201,130,1,1,قميص المنتخب الهولندي ,20,3,0,1,0,401,0,120,0,0,0,0,0,0,0,200,100,2,1000,30000,0,0,0,0,0,Shirts12_130_D1_C1,-,Shirts10_130,-,-,-,Shirts11_130_D1_C1,Shirts12_130_D1_C1,Shirts13_130_D1_C1,-,-,الاستخدام : اداة زينة
94,201130201,201,130,2,1,قميص المنتخب الألماني,20,3,0,1,0,401,0,120,0,0,0,0,0,0,0,200,100,2,1000,30000,0,0,0,0,0,Shirts12_130_D2_C1,-,Shirts10_130,-,-,-,Shirts11_130_D2_C1,Shirts12_130_D2_C1,Shirts13_130_D2_C1,-,-,الاستخدام : اداة زينة
95,201130301,201,130,3,1,قميص المنتخب البرازيلي,20,3,0,1,0,401,0,120,0,0,0,0,0,0,0,200,100,2,1000,30000,0,0,0,0,0,Shirts12_130_D3_C1,-,Shirts10_130,-,-,-,Shirts11_130_D3_C1,Shirts12_130_D3_C1,Shirts13_130_D3_C1,-,-,الاستخدام : اداة زينة
96,201130401,201,130,4,1,قميص المنتخب الإسباني,20,3,0,1,0,401,0,120,0,0,0,0,0,0,0,200,100,2,1000,30000,0,0,0,0,0,Shirts12_130_D4_C1,-,Shirts10_130,-,-,-,Shirts11_130_D4_C1,Shirts12_130_D4_C1,Shirts13_130_D4_C1,-,-,الاستخدام : اداة زينة
97,201130501,201,130,5,1,قميص المنتخب الأرجنتيني,20,3,0,1,0,401,0,120,0,0,0,0,0,0,0,200,100,2,1000,30000,0,0,0,0,0,Shirts12_130_D5_C1,-,Shirts10_130,-,-,-,Shirts11_130_D5_C1,Shirts12_130_D5_C1,Shirts13_130_D5_C1,-,-,الاستخدام : اداة زينة
98,201130601,201,130,6,1,قميص المنتخب الإيطالي ,20,3,0,1,0,401,0,120,0,0,0,0,0,0,0,200,100,2,1000,30000,0,0,0,0,0,Shirts12_130_D6_C1,-,Shirts10_130,-,-,-,Shirts11_130_D6_C1,Shirts12_130_D6_C1,Shirts13_130_D6_C1,-,-,الاستخدام : اداة زينة
99,201130701,201,130,7,1,قميص المنتخب الانكليزي,20,3,0,1,0,401,0,120,0,0,0,0,0,0,0,200,100,2,1000,30000,0,0,0,0,0,Shirts12_130_D7_C1,-,Shirts10_130,-,-,-,Shirts11_130_D7_C1,Shirts12_130_D7_C1,Shirts13_130_D7_C1,-,-,الاستخدام : اداة زينة
100,201130801,201,130,8,1,قميص المنتخب الفرنسي,20,3,0,1,0,401,0,120,0,0,0,0,0,0,0,200,100,2,1000,30000,0,0,0,0,0,Shirts12_130_D8_C1,-,Shirts10_130,-,-,-,Shirts11_130_D8_C1,Shirts12_130_D8_C1,Shirts13_130_D8_C1,-,-,الاستخدام : اداة زينة
101,201130901,201,130,9,1,قميص المنتخب الكوري,20,3,0,1,0,401,0,120,0,0,0,0,0,0,0,200,100,2,1000,30000,0,0,0,0,0,Shirts12_130_D9_C1,-,Shirts10_130,-,-,-,Shirts11_130_D9_C1,Shirts12_130_D9_C1,Shirts13_130_D9_C1,-,-,الاستخدام : اداة زينة
102,201131101,201,131,1,1,قميص المنتخب الهولندي ,20,3,0,2,0,401,0,120,0,0,0,0,0,0,0,200,100,2,1000,30000,0,0,0,0,0,-,Shirts21_131_D1_C1,-,Shirts20_131,-,-,-,-,-,Shirts21_131_D1_C1,Shirts22_131_D1_C1,الاستخدام : اداة زينة
103,201131201,201,131,2,1,قميص المنتخب الألماني,20,3,0,2,0,401,0,120,0,0,0,0,0,0,0,200,100,2,1000,30000,0,0,0,0,0,-,Shirts21_131_D2_C1,-,Shirts20_131,-,-,-,-,-,Shirts21_131_D2_C1,Shirts22_131_D2_C1,الاستخدام : اداة زينة
104,201131301,201,131,3,1,قميص المنتخب البرازيلي,20,3,0,2,0,401,0,120,0,0,0,0,0,0,0,200,100,2,1000,30000,0,0,0,0,0,-,Shirts21_131_D3_C1,-,Shirts20_131,-,-,-,-,-,Shirts21_131_D3_C1,Shirts22_131_D3_C1,الاستخدام : اداة زينة
105,201131401,201,131,4,1,قميص المنتخب الإسباني,20,3,0,2,0,401,0,120,0,0,0,0,0,0,0,200,100,2,1000,30000,0,0,0,0,0,-,Shirts21_131_D4_C1,-,Shirts20_131,-,-,-,-,-,Shirts21_131_D4_C1,Shirts22_131_D4_C1,الاستخدام : اداة زينة
106,201131501,201,131,5,1,قميص المنتخب الأرجنتيني,20,3,0,2,0,401,0,120,0,0,0,0,0,0,0,200,100,2,1000,30000,0,0,0,0,0,-,Shirts21_131_D5_C1,-,Shirts20_131,-,-,-,-,-,Shirts21_131_D5_C1,Shirts22_131_D5_C1,الاستخدام : اداة زينة
107,201131601,201,131,6,1,قميص المنتخب الإيطالي ,20,3,0,2,0,401,0,120,0,0,0,0,0,0,0,200,100,2,1000,30000,0,0,0,0,0,-,Shirts21_131_D6_C1,-,Shirts20_131,-,-,-,-,-,Shirts21_131_D6_C1,Shirts22_131_D6_C1,الاستخدام : اداة زينة
108,201131701,201,131,7,1,قميص المنتخب الانكليزي,20,3,0,2,0,401,0,120,0,0,0,0,0,0,0,200,100,2,1000,30000,0,0,0,0,0,-,Shirts21_131_D7_C1,-,Shirts20_131,-,-,-,-,-,Shirts21_131_D7_C1,Shirts22_131_D7_C1,الاستخدام : اداة زينة
109,201131801,201,131,8,1,قميص المنتخب الفرنسي,20,3,0,2,0,401,0,120,0,0,0,0,0,0,0,200,100,2,1000,30000,0,0,0,0,0,-,Shirts21_131_D8_C1,-,Shirts20_131,-,-,-,-,-,Shirts21_131_D8_C1,Shirts22_131_D8_C1,الاستخدام : اداة زينة
110,201131901,201,131,9,1,قميص المنتخب الكوري,20,3,0,2,0,401,0,120,0,0,0,0,0,0,0,200,100,2,1000,30000,0,0,0,0,0,-,Shirts21_131_D9_C1,-,Shirts20_131,-,-,-,-,-,Shirts21_131_D9_C1,Shirts22_131_D9_C1,الاستخدام : اداة زينة
111,202001101,202,1,1,1,بنطال اساسي للرجال,0,4,0,1,0,205403,0,120,0,0,0,0,1,0,0,65535,100,2,1000,1000,0,0,0,0,0,Pants11_1_D1_C1,-,Pants10_1,-,-,-,Pants11_1_D1_C1,Pants11_1_D1_C1,Pants11_1_D1_C1,-,-,الاستخدام : اداة زينة
112,202001102,202,1,1,2,بنطال اساسي للرجال,0,4,0,1,0,205403,0,120,0,0,0,0,1,0,0,65535,100,2,1000,1000,0,0,0,0,0,Pants11_1_D1_C2,-,Pants10_1,-,-,-,Pants11_1_D1_C2,Pants11_1_D1_C2,Pants11_1_D1_C2,-,-,الاستخدام : اداة زينة
113,202001103,202,1,1,3,بنطال اساسي للرجال,0,4,0,1,0,205403,0,120,0,0,0,0,1,0,0,65535,100,2,1000,1000,0,0,0,0,0,Pants11_1_D1_C3,-,Pants10_1,-,-,-,Pants11_1_D1_C3,Pants11_1_D1_C3,Pants11_1_D1_C3,-,-,الاستخدام : اداة زينة
114,202002101,202,2,1,1,بنطال اساسي للنساء,0,4,0,2,0,403,0,120,0,0,0,0,1,0,0,65535,100,2,1000,1000,0,0,0,0,0,-,Pants21_2_D1_C1,-,Pants20_2,-,-,-,-,-,Pants21_2_D1_C1,Pants22_2_D1_C1,الاستخدام : اداة زينة
115,202002102,202,2,1,2,بنطال اساسي للنساء,0,4,0,2,0,403,0,120,0,0,0,0,1,0,0,65535,100,2,1000,1000,0,0,0,0,0,-,Pants21_2_D1_C2,-,Pants20_2,-,-,-,-,-,Pants21_2_D1_C2,Pants22_2_D1_C2,الاستخدام : اداة زينة
116,202002103,202,2,1,3,بنطال اساسي للنساء,0,4,0,2,0,403,0,120,0,0,0,0,1,0,0,65535,100,2,1000,1000,0,0,0,0,0,-,Pants21_2_D1_C3,-,Pants20_2,-,-,-,-,-,Pants21_2_D1_C3,Pants22_2_D1_C3,الاستخدام : اداة زينة
117,202101101,202,101,1,1,جينز بانكي,20,4,0,1,0,205403,0,120,0,0,0,0,0,0,0,200,100,2,1000,2500,0,0,0,0,0,Pants11_101_D1_C1,-,Pants10_101,-,-,-,Pants11_101_D1_C1,Pants11_101_D1_C1,Pants11_101_D1_C1,-,-,الاستخدام : اداة زينة
118,202102101,202,102,1,1,جينز رمادي ضيق,20,4,0,2,0,205403,0,120,0,0,0,0,0,0,0,200,100,2,1000,1800,0,0,0,0,0,-,Pants21_102_D1_C1,-,Pants20_102,-,-,-,-,-,Pants21_102_D1_C1,Pants22_102_D1_C1,الاستخدام : اداة زينة
119,202103101,202,103,1,1,بنطال قطني قصير,20,4,0,1,0,0,0,120,0,0,0,0,0,0,0,200,100,2,1000,2500,0,0,0,0,0,Pants11_103_D1_C1,-,Pants10_103,-,-,-,Pants11_103_D1_C1,Pants12_103_D1_C1,Pants13_103_D1_C1,-,-,الاستخدام : اداة زينة
120,202103102,202,103,1,2,بنطال قطني قصير,20,4,0,1,0,0,0,120,0,0,0,0,0,0,0,200,100,2,1000,1800,0,0,0,0,0,Pants11_103_D1_C2,-,Pants10_103,-,-,-,Pants11_103_D1_C2,Pants12_103_D1_C2,Pants13_103_D1_C2,-,-,الاستخدام : اداة زينة
121,202103103,202,103,1,3,بنطال قطني قصير,20,4,0,1,0,0,0,120,0,0,0,0,0,0,0,200,100,2,1000,2500,0,0,0,0,0,Pants11_103_D1_C3,-,Pants10_103,-,-,-,Pants11_103_D1_C3,Pants12_103_D1_C3,Pants13_103_D1_C3,-,-,الاستخدام : اداة زينة
122,202104101,202,104,1,1,بنطال اديداس قصير,20,4,0,2,0,0,0,120,0,0,0,0,0,0,0,200,100,0,1000,2500,0,0,0,0,0,-,Pants21_104_D1_C1,-,Pants20_104,-,-,-,-,-,Pants21_104_D1_C1,Pants22_104_D1_C1,الاستخدام : اداة زينة
123,202104191,202,104,1,91,بنطال اديداس قصير,20,4,0,2,0,0,0,120,0,0,0,0,0,0,0,200,100,2,1000,2500,0,0,0,0,0,-,pants21_104_D1_C91,-,Pants20_104,-,-,-,-,-,pants21_104_D1_C91,Pants22_104_D1_C91,الاستخدام : اداة زينة
124,202105101,202,105,1,1,جينز اسود ضيق,20,4,0,1,0,205403,0,120,0,0,0,0,0,0,0,200,100,2,1000,1800,0,0,0,0,0,Pants11_105_D1_C1,-,Pants10_105,-,-,-,Pants11_105_D1_C1,Pants11_105_D1_C1,Pants11_105_D1_C1,-,-,الاستخدام : اداة زينة
125,202106101,202,106,1,1,بنطال اسود,20,4,0,2,0,205403,0,120,0,0,0,0,0,0,0,200,100,2,1000,1800,0,0,0,0,0,-,Pants21_106_D1_C1,-,Pants20_106,-,-,-,-,-,Pants21_106_D1_C1,Pants21_106_D1_C1,الاستخدام : اداة زينة
126,202107101,202,107,1,1,جينز باغي,20,4,0,1,0,205403,0,120,0,0,0,0,0,0,0,200,100,2,1000,2500,0,0,0,0,0,Pants11_107_D1_C1,-,Pants10_107,-,-,-,Pants11_107_D1_C1,Pants11_107_D1_C1,Pants11_107_D1_C1,-,-,الاستخدام : اداة زينة
127,202108101,202,108,1,1,باغي قصير,20,4,0,2,0,403,0,120,0,0,0,0,0,0,0,200,100,2,1000,2500,0,0,0,0,0,-,Pants21_108_D1_C1,-,Pants20_108,-,-,-,-,-,Pants21_108_D1_C1,Pants22_108_D1_C1,الاستخدام : اداة زينة
128,202109101,202,109,1,1,جبنز رياضي,20,4,0,1,0,205403,0,120,0,0,0,0,0,0,0,200,100,2,1000,2500,0,0,0,0,0,Pants11_109_D1_C1,-,Pants10_109,-,-,-,Pants11_109_D1_C1,Pants11_109_D1_C1,Pants11_109_D1_C1,-,-,الاستخدام : اداة زينة
129,202110101,202,110,1,1,None,20,4,0,2,0,0,0,120,0,0,0,0,0,0,0,200,100,0,1000,0,0,0,0,0,0,-,-,-,-,-,-,-,-,-,-,-,الاستخدام : اداة زينة
130,202111101,202,111,1,1,جينز باغي,20,4,0,1,0,205403,0,120,0,0,0,0,0,0,0,200,100,2,1000,2500,0,0,0,0,0,Pants11_111_D1_C1,-,Pants10_111,-,-,-,Pants11_111_D1_C1,Pants11_111_D1_C1,Pants11_111_D1_C1,-,-,الاستخدام : اداة زينة
131,202112101,202,112,1,1,تنورة جلدية,20,4,0,2,0,0,0,120,0,0,0,0,0,0,0,200,100,0,1000,2500,0,0,0,0,0,-,Pants21_112_D1_C1,-,Pants20_112,-,-,-,-,-,Pants21_112_D1_C1,Pants21_112_D1_C1,الاستخدام : اداة زينة
132,202112191,202,112,1,91,تنورة جلدية,20,4,0,2,0,0,0,120,0,0,0,0,0,0,0,200,100,2,1000,2500,0,0,0,0,0,-,pants21_112_D1_C91,-,Pants20_112,-,-,-,-,-,pants21_112_D1_C91,Pants21_112_D1_C91,الاستخدام : اداة زينة
133,202113101,202,113,1,1,جينز باغي,20,4,0,1,0,205403,0,120,0,0,0,0,0,0,0,200,100,2,1000,2500,0,0,0,0,0,Pants11_113_D1_C1,-,Pants10_113,-,-,-,Pants11_113_D1_C1,Pants11_113_D1_C1,Pants11_113_D1_C1,-,-,الاستخدام : اداة زينة
134,202113102,202,113,1,2,جينز باغي,20,4,0,1,0,205403,0,120,0,0,0,0,0,0,0,200,100,2,1000,2500,0,0,0,0,0,Pants11_113_D1_C2,-,Pants10_113,-,-,-,Pants11_113_D1_C2,Pants11_113_D1_C2,Pants11_113_D1_C2,-,-,الاستخدام : اداة زينة
135,202113103,202,113,1,3,جينز باغي,20,4,0,1,0,205403,0,120,0,0,0,0,0,0,0,200,100,2,1000,2500,0,0,0,0,0,Pants11_113_D1_C3,-,Pants10_113,-,-,-,Pants11_113_D1_C3,Pants11_113_D1_C3,Pants11_113_D1_C3,-,-,الاستخدام : اداة زينة
136,202114101,202,114,1,1,تنورة جنزية,20,4,0,2,0,0,0,120,0,0,0,0,0,0,0,200,100,0,1000,2500,0,0,0,0,0,-,Pants21_114_D1_C1,-,Pants20_114,-,-,-,-,-,Pants21_114_D1_C1,Pants22_114_D1_C1,الاستخدام : اداة زينة
137,202114191,202,114,1,91,تنورة جنزية,20,4,0,2,0,0,0,120,0,0,0,0,0,0,0,200,100,2,1000,2500,0,0,0,0,0,-,pants21_114_D1_C91,-,Pants20_114,-,-,-,-,-,pants21_114_D1_C91,Pants22_114_D1_C91,الاستخدام : اداة زينة
138,202115101,202,115,1,1,جينز قصة عريضة,20,4,0,1,0,205403,0,120,0,0,0,0,0,0,0,200,100,2,1000,2500,0,0,0,0,0,Pants11_115_D1_C1,-,Pants10_115,-,-,-,Pants11_115_D1_C1,Pants11_115_D1_C1,Pants11_115_D1_C1,-,-,الاستخدام : اداة زينة
139,202116101,202,116,1,1,جبنز فلورال ضيق,20,4,0,2,0,205403,0,120,0,0,0,0,0,0,0,200,100,2,1000,1800,0,0,0,0,0,-,Pants21_116_D1_C1,-,Pants20_116,-,-,-,-,-,Pants21_116_D1_C1,Pants21_116_D1_C1,الاستخدام : اداة زينة
140,202117101,202,117,1,1,جينز عريض,20,4,0,1,0,205403,0,120,0,0,0,0,0,0,0,200,100,2,1000,2500,0,0,0,0,0,Pants11_117_D1_C1,-,Pants10_117,-,-,-,Pants11_117_D1_C1,Pants11_117_D1_C1,Pants11_117_D1_C1,-,-,الاستخدام : اداة زينة
141,202118101,202,118,1,1,None,20,4,0,2,0,0,0,120,0,0,0,0,0,0,0,200,100,0,1000,0,0,0,0,0,0,-,-,-,-,-,-,-,-,-,-,-,الاستخدام : اداة زينة
142,202119101,202,119,1,1,بنطال قصير,20,4,0,1,0,0,0,120,0,0,0,0,0,0,0,200,100,2,1000,4500,0,0,0,0,0,Pants11_119_D1_C1,-,Pants10_119,-,-,-,Pants11_119_D1_C1,Pants12_119_D1_C1,Pants13_119_D1_C1,-,-,الاستخدام : اداة زينة
143,202120101,202,120,1,1,بنطال قصير,20,4,0,2,0,0,0,120,0,0,0,0,0,0,0,200,100,0,1000,4500,0,0,0,0,0,-,Pants21_120_D1_C1,-,Pants20_120,-,-,-,-,-,Pants21_120_D1_C1,Pants22_120_D1_C1,الاستخدام : اداة زينة
144,202120191,202,120,1,91,بنطال قصير,20,4,0,2,0,0,0,120,0,0,0,0,0,0,0,200,100,2,1000,4500,0,0,0,0,0,-,Pants21_120_D1_C91,-,Pants20_120,-,-,-,-,-,Pants21_120_D1_C91,Pants22_120_D1_C91,الاستخدام : اداة زينة
145,202121101,202,121,1,1,بنطال تدريب طويل,20,4,0,1,0,205403,0,120,0,0,0,0,0,0,0,200,100,2,1000,4000,0,0,0,0,0,Pants11_121_D1_C1,-,Pants10_121,-,-,-,Pants11_121_D1_C1,Pants12_121_D1_C1,Pants13_121_D1_C1,-,-,الاستخدام : اداة زينة
146,202122101,202,122,1,1,بنطال تدريب طويل,20,4,0,2,0,205403,0,120,0,0,0,0,0,0,0,200,100,2,1000,4000,0,0,0,0,0,-,Pants21_122_D1_C1,-,Pants20_122,-,-,-,-,-,Pants21_122_D1_C1,Pants22_122_D1_C1,الاستخدام : اداة زينة
147,202123101,202,123,1,1,بنطال القوة للتدريب,20,4,0,1,0,205403,0,120,0,0,0,0,0,0,0,200,100,2,1000,4500,0,0,0,0,0,Pants11_123_D1_C1,-,Pants10_123,-,-,-,Pants11_123_D1_C1,Pants11_123_D1_C1,Pants11_123_D1_C1,-,-,الاستخدام : اداة زينة
148,202123102,202,123,1,2,بنطال القوة للتدريب,20,4,0,1,0,205403,0,120,0,0,0,0,0,0,0,200,100,2,1000,4500,0,0,0,0,0,Pants11_123_D1_C2,-,Pants10_123,-,-,-,Pants11_123_D1_C2,Pants11_123_D1_C2,Pants11_123_D1_C2,-,-,الاستخدام : اداة زينة
149,202123103,202,123,1,3,بنطال القوة للتدريب,20,4,0,1,0,205403,0,120,0,0,0,0,0,0,0,200,100,2,1000,4500,0,0,0,0,0,Pants11_123_D1_C3,-,Pants10_123,-,-,-,Pants11_123_D1_C3,Pants11_123_D1_C3,Pants11_123_D1_C3,-,-,الاستخدام : اداة زينة
150,202123104,202,123,1,4,بنطال القوة للتدريب,20,4,0,1,0,205403,0,120,0,0,0,0,0,0,0,200,100,2,1000,4500,0,0,0,0,0,Pants11_123_D1_C4,-,Pants10_123,-,-,-,Pants11_123_D1_C4,Pants11_123_D1_C4,Pants11_123_D1_C4,-,-,الاستخدام : اداة زينة
151,202123201,202,123,2,1,بنطال اكس دي للتدريب,20,4,0,1,0,205403,0,120,0,0,0,0,0,0,0,200,100,2,1000,4500,0,0,0,0,0,Pants11_123_D2_C1,-,Pants10_123,-,-,-,Pants11_123_D2_C1,Pants11_123_D2_C1,Pants11_123_D2_C1,-,-,الاستخدام : اداة زينة
152,202124101,202,124,1,1,بنطال مايمو للتدريب,20,4,0,2,0,205403,0,120,0,0,0,0,0,0,0,200,100,2,1000,4500,0,0,0,0,0,-,Pants21_124_D1_C1,-,Pants20_124,-,-,-,-,-,Pants21_124_D1_C1,Pants21_124_D1_C1,الاستخدام : اداة زينة
153,202124201,202,124,2,1,بنطال شارك للتدريب,20,4,0,2,0,205403,0,120,0,0,0,0,0,0,0,200,100,2,1000,4500,0,0,0,0,0,-,Pants21_124_D2_C1,-,Pants20_124,-,-,-,-,-,Pants21_124_D2_C1,Pants21_124_D2_C1,الاستخدام : اداة زينة
154,202124301,202,124,3,1,بنطال ستار للتدريب,20,4,0,2,0,205403,0,120,0,0,0,0,0,0,0,200,100,2,1000,4500,0,0,0,0,0,-,Pants21_124_D3_C1,-,Pants20_124,-,-,-,-,-,Pants21_124_D3_C1,Pants21_124_D3_C1,الاستخدام : اداة زينة
155,202124401,202,124,4,1,بنطال تدريب قلوب,20,4,0,2,0,205403,0,120,0,0,0,0,0,0,0,200,100,2,1000,4500,0,0,0,0,0,-,Pants21_124_D4_C1,-,Pants20_124,-,-,-,-,-,Pants21_124_D4_C1,Pants21_124_D4_C1,الاستخدام : اداة زينة
156,202124501,202,124,5,1,بنطال مخطط أحمر للتدريب,20,4,0,2,0,205403,0,120,0,0,0,0,0,0,0,200,100,2,1000,4500,0,0,0,0,0,-,Pants21_124_D5_C1,-,Pants20_124,-,-,-,-,-,Pants21_124_D5_C1,Pants21_124_D5_C1,الاستخدام : اداة زينة
157,202125101,202,125,1,1,بنطال فورس المحترف,20,4,0,1,0,205403,0,120,0,0,0,0,0,0,0,200,100,2,1000,4500,0,0,0,0,0,Pants11_125_D1_C1,-,Pants10_125,-,-,-,Pants11_125_D1_C1,Pants12_125_D1_C1,Pants13_125_D1_C1,-,-,الاستخدام : اداة زينة
158,202125102,202,125,1,2,بنطال فورس المحترف,20,4,0,1,0,205403,0,120,0,0,0,0,0,0,0,200,100,2,1000,4500,0,0,0,0,0,Pants11_125_D1_C2,-,Pants10_125,-,-,-,Pants11_125_D1_C2,Pants12_125_D1_C2,Pants13_125_D1_C2,-,-,الاستخدام : اداة زينة
159,202125103,202,125,1,3,بنطال فورس المحترف,20,4,0,1,0,205403,0,120,0,0,0,0,0,0,0,200,100,2,1000,4500,0,0,0,0,0,Pants11_125_D1_C3,-,Pants10_125,-,-,-,Pants11_125_D1_C3,Pants12_125_D1_C3,Pants13_125_D1_C3,-,-,الاستخدام : اداة زينة
160,202125104,202,125,1,4,بنطال فورس المحترف,20,4,0,1,0,205403,0,120,0,0,0,0,0,0,0,200,100,2,1000,4500,0,0,0,0,0,Pants11_125_D1_C4,-,Pants10_125,-,-,-,Pants11_125_D1_C4,Pants12_125_D1_C4,Pants13_125_D1_C4,-,-,الاستخدام : اداة زينة
161,202125105,202,125,1,5,بنطال فورس المحترف,20,4,0,1,0,205403,0,120,0,0,0,0,0,0,0,200,100,2,1000,4500,0,0,0,0,0,Pants11_125_D1_C5,-,Pants10_125,-,-,-,Pants11_125_D1_C5,Pants12_125_D1_C5,Pants13_125_D1_C5,-,-,الاستخدام : اداة زينة
162,202126101,202,126,1,1,بنطال سيتي للتدريب,20,4,0,2,0,205403,0,120,0,0,0,0,0,0,0,200,100,2,1000,4500,0,0,0,0,0,-,Pants21_126_D1_C1,-,Pants20_126,-,-,-,-,-,Pants21_126_D1_C1,Pants22_126_D1_C1,الاستخدام : اداة زينة
163,202126102,202,126,1,2,بنطال سيتي للتدريب,20,4,0,2,0,205403,0,120,0,0,0,0,0,0,0,200,100,2,1000,4500,0,0,0,0,0,-,Pants21_126_D1_C2,-,Pants20_126,-,-,-,-,-,Pants21_126_D1_C2,Pants22_126_D1_C2,الاستخدام : اداة زينة
164,202126103,202,126,1,3,بنطال سيتي للتدريب,20,4,0,2,0,205403,0,120,0,0,0,0,0,0,0,200,100,2,1000,4500,0,0,0,0,0,-,Pants21_126_D1_C3,-,Pants20_126,-,-,-,-,-,Pants21_126_D1_C3,Pants22_126_D1_C3,الاستخدام : اداة زينة
165,202126104,202,126,1,4,بنطال سيتي للتدريب,20,4,0,2,0,205403,0,120,0,0,0,0,0,0,0,200,100,2,1000,4500,0,0,0,0,0,-,Pants21_126_D1_C4,-,Pants20_126,-,-,-,-,-,Pants21_126_D1_C4,Pants22_126_D1_C4,الاستخدام : اداة زينة
166,202126105,202,126,1,5,بنطال سيتي للتدريب,20,4,0,2,0,205403,0,120,0,0,0,0,0,0,0,200,100,2,1000,4500,0,0,0,0,0,-,Pants21_126_D1_C5,-,Pants20_126,-,-,-,-,-,Pants21_126_D1_C5,Pants22_126_D1_C5,الاستخدام : اداة زينة
167,202127101,202,127,1,1,بنطال حارس أحمر,20,4,0,1,0,205403,0,120,0,0,0,0,0,0,0,200,100,0,1000,4500,0,0,0,0,0,Pants11_127_D1_C1,-,Pants10_127,-,-,-,Pants11_127_D1_C1,Pants11_127_D1_C1,Pants11_127_D1_C1,-,-,الاستخدام : اداة زينة
168,202127102,202,127,1,2,بنطال حارس أزرق,20,4,0,1,0,205403,0,120,0,0,0,0,0,0,0,200,100,0,1000,4500,0,0,0,0,0,Pants11_127_D1_C2,-,Pants10_127,-,-,-,Pants11_127_D1_C2,Pants11_127_D1_C2,Pants11_127_D1_C2,-,-,الاستخدام : اداة زينة
169,202130101,202,130,1,1,بنطال المنتخب الهولندي ,20,4,0,1,0,0,0,120,0,0,0,0,0,0,0,200,100,2,1000,30000,0,0,0,0,0,Pants12_130_D1_C1,-,Pants10_130,-,-,-,Pants11_130_D1_C1,Pants12_130_D1_C1,Pants13_130_D1_C1,-,-,الاستخدام : اداة زينة
170,202130201,202,130,2,1,بنطال المنتخب الألماني,20,4,0,1,0,0,0,120,0,0,0,0,0,0,0,200,100,2,1000,30000,0,0,0,0,0,Pants12_130_D2_C1,-,Pants10_130,-,-,-,Pants11_130_D2_C1,Pants12_130_D2_C1,Pants13_130_D2_C1,-,-,الاستخدام : اداة زينة
171,202130301,202,130,3,1,بنطال المنتخب البرازيلي,20,4,0,1,0,0,0,120,0,0,0,0,0,0,0,200,100,2,1000,30000,0,0,0,0,0,Pants12_130_D3_C1,-,Pants10_130,-,-,-,Pants11_130_D3_C1,Pants12_130_D3_C1,Pants13_130_D3_C1,-,-,الاستخدام : اداة زينة
172,202130401,202,130,4,1,بنطال المنتخب الإسباني,20,4,0,1,0,0,0,120,0,0,0,0,0,0,0,200,100,2,1000,30000,0,0,0,0,0,Pants12_130_D4_C1,-,Pants10_130,-,-,-,Pants11_130_D4_C1,Pants12_130_D4_C1,Pants13_130_D4_C1,-,-,الاستخدام : اداة زينة
173,202130501,202,130,5,1,بنطال المنتخب الأرجنتيني,20,4,0,1,0,0,0,120,0,0,0,0,0,0,0,200,100,2,1000,30000,0,0,0,0,0,Pants12_130_D5_C1,-,Pants10_130,-,-,-,Pants11_130_D5_C1,Pants12_130_D5_C1,Pants13_130_D5_C1,-,-,الاستخدام : اداة زينة
174,202130601,202,130,6,1,بنطال المنتخب الإيطالي ,20,4,0,1,0,0,0,120,0,0,0,0,0,0,0,200,100,2,1000,30000,0,0,0,0,0,Pants12_130_D6_C1,-,Pants10_130,-,-,-,Pants11_130_D6_C1,Pants12_130_D6_C1,Pants13_130_D6_C1,-,-,الاستخدام : اداة زينة
175,202130701,202,130,7,1,بنطال المنتخب الانكليزي,20,4,0,1,0,0,0,120,0,0,0,0,0,0,0,200,100,2,1000,30000,0,0,0,0,0,Pants12_130_D7_C1,-,Pants10_130,-,-,-,Pants11_130_D7_C1,Pants12_130_D7_C1,Pants13_130_D7_C1,-,-,الاستخدام : اداة زينة
176,202130801,202,130,8,1,بنطال المنتخب الفرنسي,20,4,0,1,0,0,0,120,0,0,0,0,0,0,0,200,100,2,1000,30000,0,0,0,0,0,Pants12_130_D8_C1,-,Pants10_130,-,-,-,Pants11_130_D8_C1,Pants12_130_D8_C1,Pants13_130_D8_C1,-,-,الاستخدام : اداة زينة
177,202130901,202,130,9,1,بنطال المنتخب الكوري,20,4,0,1,0,0,0,120,0,0,0,0,0,0,0,200,100,2,1000,30000,0,0,0,0,0,Pants12_130_D9_C1,-,Pants10_130,-,-,-,Pants11_130_D9_C1,Pants12_130_D9_C1,Pants13_130_D9_C1,-,-,الاستخدام : اداة زينة
178,202131101,202,131,1,1,بنطال المنتخب الهولندي ,20,4,0,2,0,205403,0,120,0,0,0,0,0,0,0,200,100,2,1000,30000,0,0,0,0,0,-,Pants21_131_D1_C1,-,Pants20_131,-,-,-,-,-,Pants21_131_D1_C1,Pants21_131_D1_C1,الاستخدام : اداة زينة
179,202131201,202,131,2,1,بنطال المنتخب الألماني,20,4,0,2,0,205403,0,120,0,0,0,0,0,0,0,200,100,2,1000,30000,0,0,0,0,0,-,Pants21_131_D2_C1,-,Pants20_131,-,-,-,-,-,Pants21_131_D2_C1,Pants21_131_D2_C1,الاستخدام : اداة زينة
180,202131301,202,131,3,1,بنطال المنتخب البرازيلي,20,4,0,2,0,205403,0,120,0,0,0,0,0,0,0,200,100,2,1000,30000,0,0,0,0,0,-,Pants21_131_D3_C1,-,Pants20_131,-,-,-,-,-,Pants21_131_D3_C1,Pants21_131_D3_C1,الاستخدام : اداة زينة
181,202131401,202,131,4,1,بنطال المنتخب الإسباني,20,4,0,2,0,205403,0,120,0,0,0,0,0,0,0,200,100,2,1000,30000,0,0,0,0,0,-,Pants21_131_D4_C1,-,Pants20_131,-,-,-,-,-,Pants21_131_D4_C1,Pants21_131_D4_C1,الاستخدام : اداة زينة
182,202131501,202,131,5,1,بنطال المنتخب الأرجنتيني,20,4,0,2,0,205403,0,120,0,0,0,0,0,0,0,200,100,2,1000,30000,0,0,0,0,0,-,Pants21_131_D5_C1,-,Pants20_131,-,-,-,-,-,Pants21_131_D5_C1,Pants21_131_D5_C1,الاستخدام : اداة زينة
183,202131601,202,131,6,1,بنطال المنتخب الإيطالي ,20,4,0,2,0,205403,0,120,0,0,0,0,0,0,0,200,100,2,1000,30000,0,0,0,0,0,-,Pants21_131_D6_C1,-,Pants20_131,-,-,-,-,-,Pants21_131_D6_C1,Pants21_131_D6_C1,الاستخدام : اداة زينة
184,202131701,202,131,7,1,بنطال المنتخب الانكليزي,20,4,0,2,0,205403,0,120,0,0,0,0,0,0,0,200,100,2,1000,30000,0,0,0,0,0,-,Pants21_131_D7_C1,-,Pants20_131,-,-,-,-,-,Pants21_131_D7_C1,Pants21_131_D7_C1,الاستخدام : اداة زينة
185,202131801,202,131,8,1,بنطال المنتخب الفرنسي,20,4,0,2,0,205403,0,120,0,0,0,0,0,0,0,200,100,2,1000,30000,0,0,0,0,0,-,Pants21_131_D8_C1,-,Pants20_131,-,-,-,-,-,Pants21_131_D8_C1,Pants21_131_D8_C1,الاستخدام : اداة زينة
186,202131901,202,131,9,1,بنطال المنتخب الكوري,20,4,0,2,0,205403,0,120,0,0,0,0,0,0,0,200,100,2,1000,30000,0,0,0,0,0,-,Pants21_131_D9_C1,-,Pants20_131,-,-,-,-,-,Pants21_131_D9_C1,Pants21_131_D9_C1,الاستخدام : اداة زينة
187,203001101,203,1,1,1,يد أساسية للرجال,0,5,0,1,0,0,0,120,0,0,0,0,1,0,0,65535,100,2,1000,1000,0,0,0,0,0,Glove11_1_D1_C1,-,Glove10_1,-,-,-,Glove11_1_D1_C1,Glove12_1_D1_C1,Glove13_1_D1_C1,-,-,الاستخدام : اداة زينة
188,203002101,203,2,1,1,يد أساسية للنساء,0,5,0,2,0,0,0,120,0,0,0,0,1,0,0,65535,100,2,1000,1000,0,0,0,0,0,-,Glove21_2_D1_C1,-,Glove20_2,-,-,-,-,-,Glove21_2_D1_C1,Glove22_2_D1_C1,الاستخدام : اداة زينة
189,203102101,203,102,1,1,كف,20,5,0,0,0,0,0,120,0,0,0,0,0,0,0,200,100,2,1000,1500,0,0,0,0,0,Glove11_102_D1_C1,Glove11_102_D1_C1,Glove10_102,Glove20_102,-,-,Glove11_102_D1_C1,Glove12_102_D1_C1,Glove13_102_D1_C1,Glove21_102_D1_C1,Glove22_102_D1_C1,الاستخدام : اداة زينة
190,203103201,203,103,2,1,كفوف محترفين,20,5,0,0,0,0,0,120,0,0,0,0,0,0,0,200,100,2,1000,3000,0,0,0,0,0,Glove11_103_D2_C1,Glove11_103_D2_C1,Glove10_103,Glove20_103,-,-,Glove11_103_D2_C1,Glove11_103_D2_C1,Glove11_103_D2_C1,Glove21_103_D2_C1,Glove21_103_D2_C1,الاستخدام : اداة زينة
191,203103202,203,103,2,2,كفوف محترفين,20,5,0,0,0,0,0,120,0,0,0,0,0,0,0,200,100,2,1000,3000,0,0,0,0,0,Glove11_103_D2_C2,Glove11_103_D2_C2,Glove10_103,Glove20_103,-,-,Glove11_103_D2_C2,Glove11_103_D2_C2,Glove11_103_D2_C2,Glove21_103_D2_C2,Glove21_103_D2_C2,الاستخدام : اداة زينة
192,203103203,203,103,2,3,كفوف محترفين,20,5,0,0,0,0,0,120,0,0,0,0,0,0,0,200,100,2,1000,3000,0,0,0,0,0,Glove11_103_D2_C3,Glove11_103_D2_C3,Glove10_103,Glove20_103,-,-,Glove11_103_D2_C3,Glove11_103_D2_C3,Glove11_103_D2_C3,Glove21_103_D2_C3,Glove21_103_D2_C3,الاستخدام : اداة زينة
193,203103204,203,103,2,4,كفوف محترفين,20,5,0,0,0,0,0,120,0,0,0,0,0,0,0,200,100,2,1000,3000,0,0,0,0,0,Glove11_103_D2_C4,Glove11_103_D2_C4,Glove10_103,Glove20_103,-,-,Glove11_103_D2_C4,Glove11_103_D2_C4,Glove11_103_D2_C4,Glove21_103_D2_C4,Glove21_103_D2_C4,الاستخدام : اداة زينة
194,203103205,203,103,2,5,كفوف محترفين,20,5,0,0,0,0,0,120,0,0,0,0,0,0,0,200,100,2,1000,3000,0,0,0,0,0,Glove11_103_D2_C5,Glove11_103_D2_C5,Glove10_103,Glove20_103,-,-,Glove11_103_D2_C5,Glove11_103_D2_C5,Glove11_103_D2_C5,Glove21_103_D2_C5,Glove21_103_D2_C5,الاستخدام : اداة زينة
195,203104101,203,104,1,1,قفازات حارس أحمر,20,5,0,0,0,0,0,120,0,0,0,0,0,0,0,200,100,0,1000,3000,0,0,0,0,0,Glove11_104_D1_C1,-,Glove10_104,-,-,-,Glove11_104_D1_C1,Glove11_104_D1_C1,Glove11_104_D1_C1,-,-,الاستخدام : اداة زينة
196,203104102,203,104,1,2,قفازات حارس أزرق,20,5,0,0,0,0,0,120,0,0,0,0,0,0,0,200,100,0,1000,3000,0,0,0,0,0,Glove11_104_D1_C2,-,Glove10_104,-,-,-,Glove11_104_D1_C2,Glove11_104_D1_C2,Glove11_104_D1_C2,-,-,الاستخدام : اداة زينة
197,204001101,204,1,1,1,حذاء اساسي للرجال 1,0,6,0,1,0,0,0,120,0,0,0,0,1,0,0,65535,100,2,1000,1000,0,0,0,0,0,Shoes11_1_D1_C1,Shoes11_1_D1_C1,Shoes10_1,-,Shoes10_1_D1_E,-,Shoes11_1_D1_C1,Shoes11_1_D1_C1,Shoes11_1_D1_C1,Shoes11_1_D1_C1,Shoes11_1_D1_C1,الاستخدام : اداة زينة
198,204001102,204,1,1,2,حذاء اساسي للرجال 2,0,6,0,1,0,0,0,120,0,0,0,0,1,0,0,65535,100,2,1000,1000,0,0,0,0,0,Shoes11_1_D1_C2,Shoes11_1_D1_C2,Shoes10_1,-,Shoes10_1_D1_E,-,Shoes11_1_D1_C2,Shoes11_1_D1_C2,Shoes11_1_D1_C2,Shoes11_1_D1_C2,Shoes11_1_D1_C2,الاستخدام : اداة زينة
199,204001103,204,1,1,3,حذاء اساسي للرجال 3,0,6,0,1,0,0,0,120,0,0,0,0,1,0,0,65535,100,2,1000,1000,0,0,0,0,0,Shoes11_1_D1_C3,Shoes11_1_D1_C3,Shoes10_1,-,Shoes10_1_D1_E,-,Shoes11_1_D1_C3,Shoes11_1_D1_C3,Shoes11_1_D1_C3,Shoes11_1_D1_C3,Shoes11_1_D1_C3,الاستخدام : اداة زينة
200,204001104,204,1,1,4,حذاء اساسي للرجال 4,0,6,0,1,0,0,0,120,0,0,0,0,1,0,0,65535,100,2,1000,1000,0,0,0,0,0,Shoes11_1_D1_C4,Shoes11_1_D1_C4,Shoes10_1,-,Shoes10_1_D1_E,-,Shoes11_1_D1_C4,Shoes11_1_D1_C4,Shoes11_1_D1_C4,Shoes11_1_D1_C4,Shoes11_1_D1_C4,الاستخدام : اداة زينة
201,204002101,204,2,1,1,حذاء اساسي للنساء 1,0,6,0,2,0,0,0,120,0,0,0,0,1,0,0,65535,100,2,1000,1000,0,0,0,0,0,-,Shoes21_2_D1_C1,-,Shoes20_2,-,Shoes10_1_D1_E,-,-,-,Shoes21_2_D1_C1,Shoes21_2_D1_C1,الاستخدام : اداة زينة
202,204002102,204,2,1,2,حذاء اساسي للنساء 2,0,6,0,2,0,0,0,120,0,0,0,0,1,0,0,65535,100,2,1000,1000,0,0,0,0,0,-,Shoes21_2_D1_C2,-,Shoes20_2,-,Shoes10_1_D1_E,-,-,-,Shoes21_2_D1_C2,Shoes21_2_D1_C2,الاستخدام : اداة زينة
203,204002103,204,2,1,3,حذاء اساسي للنساء 3,0,6,0,2,0,0,0,120,0,0,0,0,1,0,0,65535,100,2,1000,1000,0,0,0,0,0,-,Shoes21_2_D1_C3,-,Shoes20_2,-,Shoes10_1_D1_E,-,-,-,Shoes21_2_D1_C3,Shoes21_2_D1_C3,الاستخدام : اداة زينة
204,204002104,204,2,1,4,حذاء اساسي للنساء 4,0,6,0,2,0,0,0,120,0,0,0,0,1,0,0,65535,100,2,1000,1000,0,0,0,0,0,-,Shoes21_2_D1_C4,-,Shoes20_2,-,Shoes10_1_D1_E,-,-,-,Shoes21_2_D1_C4,Shoes21_2_D1_C4,الاستخدام : اداة زينة
205,204103101,204,103,1,1,حذاء درجة أولى,20,6,0,0,0,0,0,120,0,0,0,0,0,0,0,200,100,2,1000,3500,0,0,0,0,0,Shoes11_103_D1_C1,Shoes11_103_D1_C1,Shoes10_103,Shoes20_103,Shoes10_1_D1_E,Shoes10_1_D1_E,Shoes11_103_D1_C1,Shoes11_103_D1_C1,Shoes11_103_D1_C1,Shoes11_103_D1_C1,Shoes11_103_D1_C1,الاستخدام : اداة زينة
206,204103102,204,103,1,2,حذاء درجة أولى,20,6,0,0,0,0,0,120,0,0,0,0,0,0,0,200,100,2,1000,4000,0,0,0,0,0,Shoes11_103_D1_C2,Shoes11_103_D1_C2,Shoes10_103,Shoes20_103,Shoes10_1_D1_E,Shoes10_1_D1_E,Shoes11_103_D1_C2,Shoes11_103_D1_C2,Shoes11_103_D1_C2,Shoes11_103_D1_C2,Shoes11_103_D1_C2,الاستخدام : اداة زينة
207,204103103,204,103,1,3,حذاء درجة أولى,20,6,0,0,0,0,0,120,0,0,0,0,0,0,0,200,100,2,1000,4000,0,0,0,0,0,Shoes11_103_D1_C3,Shoes11_103_D1_C3,Shoes10_103,Shoes20_103,Shoes10_1_D1_E,Shoes10_1_D1_E,Shoes11_103_D1_C3,Shoes11_103_D1_C3,Shoes11_103_D1_C3,Shoes11_103_D1_C3,Shoes11_103_D1_C3,الاستخدام : اداة زينة
208,204103201,204,103,2,1,حذاء ذهبي,20,6,0,0,0,0,0,120,0,0,0,0,0,0,0,200,100,2,1000,3500,0,0,0,0,0,Shoes11_103_D2_C1,Shoes11_103_D2_C1,Shoes10_103,Shoes20_103,Shoes10_1_D1_E,Shoes10_1_D1_E,Shoes11_103_D2_C1,Shoes11_103_D2_C1,Shoes11_103_D2_C1,Shoes11_103_D2_C1,Shoes11_103_D2_C1,الاستخدام : اداة زينة
209,204103202,204,103,2,2,حذاء ذهبي,20,6,0,0,0,0,0,120,0,0,0,0,0,0,0,200,100,2,1000,3500,0,0,0,0,0,Shoes11_103_D2_C2,Shoes11_103_D2_C2,Shoes10_103,Shoes20_103,Shoes10_1_D1_E,Shoes10_1_D1_E,Shoes11_103_D2_C2,Shoes11_103_D2_C2,Shoes11_103_D2_C2,Shoes11_103_D2_C2,Shoes11_103_D2_C2,الاستخدام : اداة زينة
210,204103203,204,103,2,3,حذاء ذهبي,20,6,0,0,0,0,0,120,0,0,0,0,0,0,0,200,100,2,1000,3500,0,0,0,0,0,Shoes11_103_D2_C3,Shoes11_103_D2_C3,Shoes10_103,Shoes20_103,Shoes10_1_D1_E,Shoes10_1_D1_E,Shoes11_103_D2_C3,Shoes11_103_D2_C3,Shoes11_103_D2_C3,Shoes11_103_D2_C3,Shoes11_103_D2_C3,الاستخدام : اداة زينة
211,204104101,204,104,1,1,حذاء عالي للقفز,20,6,0,0,0,0,0,120,0,0,0,0,0,0,0,200,100,2,1000,3500,0,0,0,0,0,Shoes11_104_D1_C1,Shoes11_104_D1_C1,Shoes10_104,Shoes20_104,Shoes10_1_D1_E,Shoes10_1_D1_E,Shoes11_104_D1_C1,Shoes11_104_D1_C1,Shoes11_104_D1_C1,Shoes11_104_D1_C1,Shoes11_104_D1_C1,الاستخدام : اداة زينة
212,204104102,204,104,1,2,حذاء عالي للقفز,20,6,0,0,0,0,0,120,0,0,0,0,0,0,0,200,100,2,1000,3500,0,0,0,0,0,Shoes11_104_D1_C2,Shoes11_104_D1_C2,Shoes10_104,Shoes20_104,Shoes10_1_D1_E,Shoes10_1_D1_E,Shoes11_104_D1_C2,Shoes11_104_D1_C2,Shoes11_104_D1_C2,Shoes11_104_D1_C2,Shoes11_104_D1_C2,الاستخدام : اداة زينة
213,204104103,204,104,1,3,حذاء عالي للقفز,20,6,0,0,0,0,0,120,0,0,0,0,0,0,0,200,100,2,1000,3500,0,0,0,0,0,Shoes11_104_D1_C3,Shoes11_104_D1_C3,Shoes10_104,Shoes20_104,Shoes10_1_D1_E,Shoes10_1_D1_E,Shoes11_104_D1_C3,Shoes11_104_D1_C3,Shoes11_104_D1_C3,Shoes11_104_D1_C3,Shoes11_104_D1_C3,الاستخدام : اداة زينة
214,204104104,204,104,1,4,حذاء عالي للقفز,20,6,0,0,0,0,0,120,0,0,0,0,0,0,0,200,100,2,1000,3500,0,0,0,0,0,Shoes11_104_D1_C4,Shoes11_104_D1_C4,Shoes10_104,Shoes20_104,Shoes10_1_D1_E,Shoes10_1_D1_E,Shoes11_104_D1_C4,Shoes11_104_D1_C4,Shoes11_104_D1_C4,Shoes11_104_D1_C4,Shoes11_104_D1_C4,الاستخدام : اداة زينة
215,205101101,205,101,1,1,جوارب ماكسيموم كبيرة,20,7,0,0,5,0,0,120,0,0,0,0,0,0,0,200,100,2,1000,2200,0,0,0,0,0,Socks11_101_D1_C1,Socks11_101_D1_C1,Socks10_101,Socks20_101,-,-,Socks11_101_D1_C1,Socks11_101_D1_C1,Socks11_101_D1_C1,Socks11_101_D1_C1,Socks11_101_D1_C1,الاستخدام : اداة زينة
216,205101102,205,101,1,2,جوارب ماكسيموم كبيرة,20,7,0,0,5,0,0,120,0,0,0,0,0,0,0,200,100,2,1000,2200,0,0,0,0,0,Socks11_101_D1_C2,Socks11_101_D1_C2,Socks10_101,Socks20_101,-,-,Socks11_101_D1_C2,Socks11_101_D1_C2,Socks11_101_D1_C2,Socks11_101_D1_C2,Socks11_101_D1_C2,الاستخدام : اداة زينة
217,205101103,205,101,1,3,جوارب ماكسيموم كبيرة,20,7,0,0,5,0,0,120,0,0,0,0,0,0,0,200,100,2,1000,2200,0,0,0,0,0,Socks11_101_D1_C3,Socks11_101_D1_C3,Socks10_101,Socks20_101,-,-,Socks11_101_D1_C3,Socks11_101_D1_C3,Socks11_101_D1_C3,Socks11_101_D1_C3,Socks11_101_D1_C3,الاستخدام : اداة زينة
218,205101104,205,101,1,4,جوارب ماكسيموم كبيرة,20,7,0,0,5,0,0,120,0,0,0,0,0,0,0,200,100,2,1000,2200,0,0,0,0,0,Socks11_101_D1_C4,Socks11_101_D1_C4,Socks10_101,Socks20_101,-,-,Socks11_101_D1_C4,Socks11_101_D1_C4,Socks11_101_D1_C4,Socks11_101_D1_C4,Socks11_101_D1_C4,الاستخدام : اداة زينة
219,205102101,205,102,1,1,جوارب ماكسيموم صغيرة,20,7,0,0,5,0,0,120,0,0,0,0,0,0,0,200,100,2,1000,1000,0,0,0,0,0,Socks30_102_D1_C1,Socks30_102_D1_C1,Socks10_102,Socks20_102,-,-,Socks30_102_D1_C1,Socks30_102_D1_C1,Socks30_102_D1_C1,Socks30_102_D1_C1,Socks30_102_D1_C1,الاستخدام : اداة زينة
220,205102102,205,102,1,2,جوارب ماكسيموم صغيرة,20,7,0,0,5,0,0,120,0,0,0,0,0,0,0,200,100,2,1000,1000,0,0,0,0,0,Socks30_102_D1_C2,Socks30_102_D1_C2,Socks10_102,Socks20_102,-,-,Socks30_102_D1_C2,Socks30_102_D1_C2,Socks30_102_D1_C2,Socks30_102_D1_C2,Socks30_102_D1_C2,الاستخدام : اداة زينة
221,205102103,205,102,1,3,جوارب ماكسيموم صغيرة,20,7,0,0,5,0,0,120,0,0,0,0,0,0,0,200,100,2,1000,1000,0,0,0,0,0,Socks30_102_D1_C3,Socks30_102_D1_C3,Socks10_102,Socks20_102,-,-,Socks30_102_D1_C3,Socks30_102_D1_C3,Socks30_102_D1_C3,Socks30_102_D1_C3,Socks30_102_D1_C3,الاستخدام : اداة زينة
222,205102104,205,102,1,4,جوارب ماكسيموم صغيرة,20,7,0,0,5,0,0,120,0,0,0,0,0,0,0,200,100,2,1000,1000,0,0,0,0,0,Socks30_102_D1_C4,Socks30_102_D1_C4,Socks10_102,Socks20_102,-,-,Socks30_102_D1_C4,Socks30_102_D1_C4,Socks30_102_D1_C4,Socks30_102_D1_C4,Socks30_102_D1_C4,الاستخدام : اداة زينة
223,205102201,205,102,2,1,جوارب ماكس الجديدة,20,7,0,0,5,0,0,120,0,0,0,0,0,0,0,200,100,2,1000,1500,0,0,0,0,0,Socks30_102_D2_C1,Socks30_102_D2_C1,Socks10_102,Socks20_102,-,-,Socks30_102_D2_C1,Socks30_102_D2_C1,Socks30_102_D2_C1,Socks30_102_D2_C1,Socks30_102_D2_C1,الاستخدام : اداة زينة
224,205102202,205,102,2,2,جوارب ماكس الجديدة,20,7,0,0,5,0,0,120,0,0,0,0,0,0,0,200,100,2,1000,1500,0,0,0,0,0,Socks30_102_D2_C2,Socks30_102_D2_C2,Socks10_102,Socks20_102,-,-,Socks30_102_D2_C2,Socks30_102_D2_C2,Socks30_102_D2_C2,Socks30_102_D2_C2,Socks30_102_D2_C2,الاستخدام : اداة زينة
225,205102203,205,102,2,3,جوارب ماكس الجديدة,20,7,0,0,5,0,0,120,0,0,0,0,0,0,0,200,100,2,1000,1500,0,0,0,0,0,Socks30_102_D2_C3,Socks30_102_D2_C3,Socks10_102,Socks20_102,-,-,Socks30_102_D2_C3,Socks30_102_D2_C3,Socks30_102_D2_C3,Socks30_102_D2_C3,Socks30_102_D2_C3,الاستخدام : اداة زينة
226,205102204,205,102,2,4,جوارب ماكس الجديدة,20,7,0,0,5,0,0,120,0,0,0,0,0,0,0,200,100,2,1000,1500,0,0,0,0,0,Socks30_102_D2_C4,Socks30_102_D2_C4,Socks10_102,Socks20_102,-,-,Socks30_102_D2_C4,Socks30_102_D2_C4,Socks30_102_D2_C4,Socks30_102_D2_C4,Socks30_102_D2_C4,الاستخدام : اداة زينة
227,205103101,205,103,1,1,جوارب المنتخب الهولندي ,20,7,0,1,5,403,0,120,0,0,0,0,0,0,0,200,100,2,1000,30000,0,0,0,0,0,Socks11_103_D1_C1,-,Socks10_103,-,-,-,Socks11_103_D1_C1,Socks11_103_D1_C1,Socks11_103_D1_C1,-,-,الاستخدام : اداة زينة
228,205103201,205,103,2,1,جوارب المنتخب الألماني,20,7,0,1,5,403,0,120,0,0,0,0,0,0,0,200,100,2,1000,30000,0,0,0,0,0,Socks11_103_D2_C1,-,Socks10_103,-,-,-,Socks11_103_D2_C1,Socks11_103_D2_C1,Socks11_103_D2_C1,-,-,الاستخدام : اداة زينة
229,205103301,205,103,3,1,جوارب المنتخب البرازيلي,20,7,0,1,5,403,0,120,0,0,0,0,0,0,0,200,100,2,1000,30000,0,0,0,0,0,Socks11_103_D3_C1,-,Socks10_103,-,-,-,Socks11_103_D3_C1,Socks11_103_D3_C1,Socks11_103_D3_C1,-,-,الاستخدام : اداة زينة
230,205103401,205,103,4,1,جوارب المنتخب الإسباني,20,7,0,1,5,403,0,120,0,0,0,0,0,0,0,200,100,2,1000,30000,0,0,0,0,0,Socks11_103_D4_C1,-,Socks10_103,-,-,-,Socks11_103_D4_C1,Socks11_103_D4_C1,Socks11_103_D4_C1,-,-,الاستخدام : اداة زينة
231,205103501,205,103,5,1,جوارب المنتخب الأرجنتيني,20,7,0,1,5,403,0,120,0,0,0,0,0,0,0,200,100,2,1000,30000,0,0,0,0,0,Socks11_103_D5_C1,-,Socks10_103,-,-,-,Socks11_103_D5_C1,Socks11_103_D5_C1,Socks11_103_D5_C1,-,-,الاستخدام : اداة زينة
232,205103601,205,103,6,1,جوارب المنتخب الإيطالي ,20,7,0,1,5,403,0,120,0,0,0,0,0,0,0,200,100,2,1000,30000,0,0,0,0,0,Socks11_103_D6_C1,-,Socks10_103,-,-,-,Socks11_103_D6_C1,Socks11_103_D6_C1,Socks11_103_D6_C1,-,-,الاستخدام : اداة زينة
233,205103701,205,103,7,1,جوارب المنتخب الانكليزي,20,7,0,1,5,403,0,120,0,0,0,0,0,0,0,200,100,2,1000,30000,0,0,0,0,0,Socks11_103_D7_C1,-,Socks10_103,-,-,-,Socks11_103_D7_C1,Socks11_103_D7_C1,Socks11_103_D7_C1,-,-,الاستخدام : اداة زينة
234,205103801,205,103,8,1,جوارب المنتخب الفرنسي,20,7,0,1,5,403,0,120,0,0,0,0,0,0,0,200,100,2,1000,30000,0,0,0,0,0,Socks11_103_D8_C1,-,Socks10_103,-,-,-,Socks11_103_D8_C1,Socks11_103_D8_C1,Socks11_103_D8_C1,-,-,الاستخدام : اداة زينة
235,205103901,205,103,9,1,جوارب المنتخب الكوري,20,7,0,1,5,403,0,120,0,0,0,0,0,0,0,200,100,2,1000,30000,0,0,0,0,0,Socks11_103_D9_C1,-,Socks10_103,-,-,-,Socks11_103_D9_C1,Socks11_103_D9_C1,Socks11_103_D9_C1,-,-,الاستخدام : اداة زينة
236,301101101,301,101,1,1,كشاف,20,8,0,0,0,0,0,120,0,0,0,0,0,0,0,65535,100,2,1000,1500,0,0,0,0,0,Eye30_101_D1_C1,Eye30_101_D1_C1,Eye10_101,Eye20_101,Hair10_101_D1_E,Hair10_101_D1_E,Eye30_101_D1_C1,Eye30_101_D1_C1,Eye30_101_D1_C1,Eye30_101_D1_C1,Eye30_101_D1_C1,الاستخدام : اداة زينة
237,301101102,301,101,1,2,كشاف,20,8,0,0,0,0,0,120,0,0,0,0,0,0,0,65535,100,2,1000,1500,0,0,0,0,0,Eye30_101_D1_C2,Eye30_101_D1_C2,Eye10_101,Eye20_101,Hair10_101_D1_E,Hair10_101_D1_E,Eye30_101_D1_C2,Eye30_101_D1_C2,Eye30_101_D1_C2,Eye30_101_D1_C2,Eye30_101_D1_C2,الاستخدام : اداة زينة
238,301101103,301,101,1,3,كشاف,20,8,0,0,0,0,0,120,0,0,0,0,0,0,0,65535,100,2,1000,1500,0,0,0,0,0,Eye30_101_D1_C3,Eye30_101_D1_C3,Eye10_101,Eye20_101,Hair10_101_D1_E,Hair10_101_D1_E,Eye30_101_D1_C3,Eye30_101_D1_C3,Eye30_101_D1_C3,Eye30_101_D1_C3,Eye30_101_D1_C3,الاستخدام : اداة زينة
239,301101104,301,101,1,4,كشاف,20,8,0,0,0,0,0,120,0,0,0,0,0,0,0,65535,100,2,1000,1500,0,0,0,0,0,Eye30_101_D1_C4,Eye30_101_D1_C4,Eye10_101,Eye20_101,Hair10_101_D1_E,Hair10_101_D1_E,Eye30_101_D1_C4,Eye30_101_D1_C4,Eye30_101_D1_C4,Eye30_101_D1_C4,Eye30_101_D1_C4,الاستخدام : اداة زينة
240,301102101,301,102,1,1,نظارات بلاستكية,20,8,0,0,0,0,0,120,0,0,0,0,0,0,0,65535,100,2,1000,1000,0,0,0,0,0,Eye30_102_D1_C1,Eye30_102_D1_C1,Eye10_102,Eye20_102,-,-,Eye30_102_D1_C1,Eye30_102_D1_C1,Eye30_102_D1_C1,Eye30_102_D1_C1,Eye30_102_D1_C1,الاستخدام : اداة زينة
241,301102102,301,102,1,2,نظارات بلاستكية,20,8,0,0,0,0,0,120,0,0,0,0,0,0,0,65535,100,2,1000,1000,0,0,0,0,0,Eye30_102_D1_C2,Eye30_102_D1_C2,Eye10_102,Eye20_102,-,-,Eye30_102_D1_C2,Eye30_102_D1_C2,Eye30_102_D1_C2,Eye30_102_D1_C2,Eye30_102_D1_C2,الاستخدام : اداة زينة
242,301102103,301,102,1,3,نظارات بلاستكية,20,8,0,0,0,0,0,120,0,0,0,0,0,0,0,65535,100,2,1000,1000,0,0,0,0,0,Eye30_102_D1_C3,Eye30_102_D1_C3,Eye10_102,Eye20_102,-,-,Eye30_102_D1_C3,Eye30_102_D1_C3,Eye30_102_D1_C3,Eye30_102_D1_C3,Eye30_102_D1_C3,الاستخدام : اداة زينة
243,301102104,301,102,1,4,نظارات بلاستكية,20,8,0,0,0,0,0,120,0,0,0,0,0,0,0,65535,100,2,1000,1000,0,0,0,0,0,Eye30_102_D1_C4,Eye30_102_D1_C4,Eye10_102,Eye20_102,-,-,Eye30_102_D1_C4,Eye30_102_D1_C4,Eye30_102_D1_C4,Eye30_102_D1_C4,Eye30_102_D1_C4,الاستخدام : اداة زينة
244,301103101,301,103,1,1,نظارات اكس,20,8,0,0,0,0,0,120,0,0,0,0,0,0,0,65535,100,2,1000,2200,0,0,0,0,0,Eye30_103_D1_C1,Eye30_103_D1_C1,Eye10_103,Eye20_103,Hair10_101_D1_E,Hair10_101_D1_E,Eye30_103_D1_C1,Eye30_103_D1_C1,Eye30_103_D1_C1,Eye30_103_D1_C1,Eye30_103_D1_C1,الاستخدام : اداة زينة
245,301103102,301,103,1,2,نظارات اكس,20,8,0,0,0,0,0,120,0,0,0,0,0,0,0,65535,100,2,1000,2200,0,0,0,0,0,Eye30_103_D1_C2,Eye30_103_D1_C2,Eye10_103,Eye20_103,Hair10_101_D1_E,Hair10_101_D1_E,Eye30_103_D1_C2,Eye30_103_D1_C2,Eye30_103_D1_C2,Eye30_103_D1_C2,Eye30_103_D1_C2,الاستخدام : اداة زينة
246,301103103,301,103,1,3,نظارات اكس,20,8,0,0,0,0,0,120,0,0,0,0,0,0,0,65535,100,2,1000,2200,0,0,0,0,0,Eye30_103_D1_C3,Eye30_103_D1_C3,Eye10_103,Eye20_103,Hair10_101_D1_E,Hair10_101_D1_E,Eye30_103_D1_C3,Eye30_103_D1_C3,Eye30_103_D1_C3,Eye30_103_D1_C3,Eye30_103_D1_C3,الاستخدام : اداة زينة
247,301103104,301,103,1,4,نظارات اكس,20,8,0,0,0,0,0,120,0,0,0,0,0,0,0,65535,100,2,1000,2200,0,0,0,0,0,Eye30_103_D1_C4,Eye30_103_D1_C4,Eye10_103,Eye20_103,Hair10_101_D1_E,Hair10_101_D1_E,Eye30_103_D1_C4,Eye30_103_D1_C4,Eye30_103_D1_C4,Eye30_103_D1_C4,Eye30_103_D1_C4,الاستخدام : اداة زينة
248,301104101,301,104,1,1,المسدد الاسود,20,8,0,0,0,0,0,120,0,0,0,0,0,0,0,65535,100,2,1000,2200,0,0,0,0,0,Eye30_104_D1_C1,Eye30_104_D1_C1,Eye10_104,Eye20_104,Hair10_101_D1_E,Hair10_101_D1_E,Eye30_104_D1_C1,Eye30_104_D1_C1,Eye30_104_D1_C1,Eye30_104_D1_C1,Eye30_104_D1_C1,الاستخدام : اداة زينة
249,301104102,301,104,1,2,المسدد الاسود,20,8,0,0,0,0,0,120,0,0,0,0,0,0,0,65535,100,2,1000,2200,0,0,0,0,0,Eye30_104_D1_C2,Eye30_104_D1_C2,Eye10_104,Eye20_104,Hair10_101_D1_E,Hair10_101_D1_E,Eye30_104_D1_C2,Eye30_104_D1_C2,Eye30_104_D1_C2,Eye30_104_D1_C2,Eye30_104_D1_C2,الاستخدام : اداة زينة
250,301104103,301,104,1,3,المسدد الاسود,20,8,0,0,0,0,0,120,0,0,0,0,0,0,0,65535,100,2,1000,2200,0,0,0,0,0,Eye30_104_D1_C3,Eye30_104_D1_C3,Eye10_104,Eye20_104,Hair10_101_D1_E,Hair10_101_D1_E,Eye30_104_D1_C3,Eye30_104_D1_C3,Eye30_104_D1_C3,Eye30_104_D1_C3,Eye30_104_D1_C3,الاستخدام : اداة زينة
251,301104104,301,104,1,4,المسدد الاسود,20,8,0,0,0,0,0,120,0,0,0,0,0,0,0,65535,100,2,1000,2200,0,0,0,0,0,Eye30_104_D1_C4,Eye30_104_D1_C4,Eye10_104,Eye20_104,Hair10_101_D1_E,Hair10_101_D1_E,Eye30_104_D1_C4,Eye30_104_D1_C4,Eye30_104_D1_C4,Eye30_104_D1_C4,Eye30_104_D1_C4,الاستخدام : اداة زينة
252,301105101,301,105,1,1,لباس زهري,20,8,0,0,0,0,0,120,0,0,0,0,0,0,0,65535,100,2,1000,2200,0,0,0,0,0,Eye30_105_D1_C1,Eye30_105_D1_C1,Eye10_105,Eye20_105,-,-,Eye30_105_D1_C1,Eye30_105_D1_C1,Eye30_105_D1_C1,Eye30_105_D1_C1,Eye30_105_D1_C1,الاستخدام : اداة زينة
253,301105102,301,105,1,2,لباس زهري,20,8,0,0,0,0,0,120,0,0,0,0,0,0,0,65535,100,2,1000,2200,0,0,0,0,0,Eye30_105_D1_C2,Eye30_105_D1_C2,Eye10_105,Eye20_105,-,-,Eye30_105_D1_C2,Eye30_105_D1_C2,Eye30_105_D1_C2,Eye30_105_D1_C2,Eye30_105_D1_C2,الاستخدام : اداة زينة
254,301105103,301,105,1,3,لباس زهري,20,8,0,0,0,0,0,120,0,0,0,0,0,0,0,65535,100,2,1000,2200,0,0,0,0,0,Eye30_105_D1_C3,Eye30_105_D1_C3,Eye10_105,Eye20_105,-,-,Eye30_105_D1_C3,Eye30_105_D1_C3,Eye30_105_D1_C3,Eye30_105_D1_C3,Eye30_105_D1_C3,الاستخدام : اداة زينة
255,301105104,301,105,1,4,لباس زهري,20,8,0,0,0,0,0,120,0,0,0,0,0,0,0,65535,100,2,1000,2200,0,0,0,0,0,Eye30_105_D1_C4,Eye30_105_D1_C4,Eye10_105,Eye20_105,-,-,Eye30_105_D1_C4,Eye30_105_D1_C4,Eye30_105_D1_C4,Eye30_105_D1_C4,Eye30_105_D1_C4,الاستخدام : اداة زينة
256,302101101,302,101,1,1,قرط انكا الافريقي,20,9,0,0,4,0,0,120,0,0,0,0,0,0,0,65535,100,2,1000,1500,0,0,0,0,0,Ear30_101_D1_C1,Ear30_101_D1_C1,Ear10_101,Ear20_101,Hair21_104_D1_E,Hair21_104_D1_E,Ear30_101_D1_C1,Ear30_101_D1_C1,Ear30_101_D1_C1,Ear30_101_D1_C1,Ear30_101_D1_C1,الاستخدام : اداة زينة
257,302101102,302,101,1,2,قرط انكا الافريقي,20,9,0,0,4,0,0,120,0,0,0,0,0,0,0,65535,100,2,1000,1500,0,0,0,0,0,Ear30_101_D1_C2,Ear30_101_D1_C2,Ear10_101,Ear20_101,Hair21_104_D1_E,Hair21_104_D1_E,Ear30_101_D1_C2,Ear30_101_D1_C2,Ear30_101_D1_C2,Ear30_101_D1_C2,Ear30_101_D1_C2,الاستخدام : اداة زينة
258,302101103,302,101,1,3,قرط انكا الافريقي,20,9,0,0,4,0,0,120,0,0,0,0,0,0,0,65535,100,2,1000,1500,0,0,0,0,0,Ear30_101_D1_C3,Ear30_101_D1_C3,Ear10_101,Ear20_101,Hair21_104_D1_E,Hair21_104_D1_E,Ear30_101_D1_C3,Ear30_101_D1_C3,Ear30_101_D1_C3,Ear30_101_D1_C3,Ear30_101_D1_C3,الاستخدام : اداة زينة
259,302101104,302,101,1,4,قرط انكا الافريقي,20,9,0,0,4,0,0,120,0,0,0,0,0,0,0,65535,100,2,1000,1500,0,0,0,0,0,Ear30_101_D1_C4,Ear30_101_D1_C4,Ear10_101,Ear20_101,Hair21_104_D1_E,Hair21_104_D1_E,Ear30_101_D1_C4,Ear30_101_D1_C4,Ear30_101_D1_C4,Ear30_101_D1_C4,Ear30_101_D1_C4,الاستخدام : اداة زينة
260,302102101,302,102,1,1,قرط اكس ريوم,20,9,0,0,4,0,0,120,0,0,0,0,0,0,0,65535,100,2,1000,2200,0,0,0,0,0,Ear30_102_D1_C1,Ear30_102_D1_C1,Ear10_102,Ear20_102,Hair21_104_D1_E,Hair21_104_D1_E,Ear30_102_D1_C1,Ear30_102_D1_C1,Ear30_102_D1_C1,Ear30_102_D1_C1,Ear30_102_D1_C1,الاستخدام : اداة زينة
261,302102102,302,102,1,2,قرط اكس ريوم,20,9,0,0,4,0,0,120,0,0,0,0,0,0,0,65535,100,2,1000,2200,0,0,0,0,0,Ear30_102_D1_C2,Ear30_102_D1_C2,Ear10_102,Ear20_102,Hair21_104_D1_E,Hair21_104_D1_E,Ear30_102_D1_C2,Ear30_102_D1_C2,Ear30_102_D1_C2,Ear30_102_D1_C2,Ear30_102_D1_C2,الاستخدام : اداة زينة
262,302102103,302,102,1,3,قرط اكس ريوم,20,9,0,0,4,0,0,120,0,0,0,0,0,0,0,65535,100,2,1000,2200,0,0,0,0,0,Ear30_102_D1_C3,Ear30_102_D1_C3,Ear10_102,Ear20_102,Hair21_104_D1_E,Hair21_104_D1_E,Ear30_102_D1_C3,Ear30_102_D1_C3,Ear30_102_D1_C3,Ear30_102_D1_C3,Ear30_102_D1_C3,الاستخدام : اداة زينة
263,302102104,302,102,1,4,قرط اكس ريوم,20,9,0,0,4,0,0,120,0,0,0,0,0,0,0,65535,100,2,1000,2200,0,0,0,0,0,Ear30_102_D1_C4,Ear30_102_D1_C4,Ear10_102,Ear20_102,Hair21_104_D1_E,Hair21_104_D1_E,Ear30_102_D1_C4,Ear30_102_D1_C4,Ear30_102_D1_C4,Ear30_102_D1_C4,Ear30_102_D1_C4,الاستخدام : اداة زينة
264,302103101,302,103,1,1,قرط الكرة,20,9,0,0,4,0,0,120,0,0,0,0,0,0,0,65535,100,2,1000,1000,0,0,0,0,0,Ear30_103_D1_C1,Ear30_103_D1_C1,Ear10_103,Ear20_103,Hair21_104_D1_E,Hair21_104_D1_E,Ear30_103_D1_C1,Ear30_103_D1_C1,Ear30_103_D1_C1,Ear30_103_D1_C1,Ear30_103_D1_C1,الاستخدام : اداة زينة
265,302103102,302,103,1,2,قرط الكرة,20,9,0,0,4,0,0,120,0,0,0,0,0,0,0,65535,100,2,1000,1000,0,0,0,0,0,Ear30_103_D1_C2,Ear30_103_D1_C2,Ear10_103,Ear20_103,Hair21_104_D1_E,Hair21_104_D1_E,Ear30_103_D1_C2,Ear30_103_D1_C2,Ear30_103_D1_C2,Ear30_103_D1_C2,Ear30_103_D1_C2,الاستخدام : اداة زينة
266,302103103,302,103,1,3,قرط الكرة,20,9,0,0,4,0,0,120,0,0,0,0,0,0,0,65535,100,2,1000,1000,0,0,0,0,0,Ear30_103_D1_C3,Ear30_103_D1_C3,Ear10_103,Ear20_103,Hair21_104_D1_E,Hair21_104_D1_E,Ear30_103_D1_C3,Ear30_103_D1_C3,Ear30_103_D1_C3,Ear30_103_D1_C3,Ear30_103_D1_C3,الاستخدام : اداة زينة
267,302103104,302,103,1,4,قرط الكرة,20,9,0,0,4,0,0,120,0,0,0,0,0,0,0,65535,100,2,1000,1000,0,0,0,0,0,Ear30_103_D1_C4,Ear30_103_D1_C4,Ear10_103,Ear20_103,Hair21_104_D1_E,Hair21_104_D1_E,Ear30_103_D1_C4,Ear30_103_D1_C4,Ear30_103_D1_C4,Ear30_103_D1_C4,Ear30_103_D1_C4,الاستخدام : اداة زينة
268,303101101,303,101,1,1,عقد بانك,20,10,0,0,4,0,0,120,0,0,0,0,0,0,0,65535,100,2,1000,1500,0,0,0,0,0,Neck10_101_D1_C1,Neck10_101_D1_C1,Neck10_101,Neck20_101,Hair21_104_D1_E,Hair21_104_D1_E,Neck10_101_D1_C1,Neck10_101_D1_C1,Neck10_101_D1_C1,Neck10_101_D1_C1,Neck10_101_D1_C1,الاستخدام : اداة زينة
269,303102101,303,102,1,1,عقد المايا,20,10,0,0,4,0,0,120,0,0,0,0,0,0,0,65535,100,2,1000,1000,0,0,0,0,0,Neck10_102_D1_C1,Neck10_102_D1_C1,Neck10_102,Neck20_102,Hair21_104_D1_E,Hair21_104_D1_E,Neck10_102_D1_C1,Neck10_102_D1_C1,Neck10_102_D1_C1,Neck10_102_D1_C1,Neck10_102_D1_C1,الاستخدام : اداة زينة
270,303102102,303,102,1,2,عقد المايا,20,10,0,0,4,0,0,120,0,0,0,0,0,0,0,65535,100,2,1000,1000,0,0,0,0,0,Neck10_102_D1_C2,Neck10_102_D1_C2,Neck10_102,Neck20_102,Hair21_104_D1_E,Hair21_104_D1_E,Neck10_102_D1_C2,Neck10_102_D1_C2,Neck10_102_D1_C2,Neck10_102_D1_C2,Neck10_102_D1_C2,الاستخدام : اداة زينة
271,303102103,303,102,1,3,عقد المايا,20,10,0,0,4,0,0,120,0,0,0,0,0,0,0,65535,100,2,1000,1000,0,0,0,0,0,Neck10_102_D1_C3,Neck10_102_D1_C3,Neck10_102,Neck20_102,Hair21_104_D1_E,Hair21_104_D1_E,Neck10_102_D1_C3,Neck10_102_D1_C3,Neck10_102_D1_C3,Neck10_102_D1_C3,Neck10_102_D1_C3,الاستخدام : اداة زينة
272,303102104,303,102,1,4,عقد المايا,20,10,0,0,4,0,0,120,0,0,0,0,0,0,0,65535,100,2,1000,1000,0,0,0,0,0,Neck10_102_D1_C4,Neck10_102_D1_C4,Neck10_102,Neck20_102,Hair21_104_D1_E,Hair21_104_D1_E,Neck10_102_D1_C4,Neck10_102_D1_C4,Neck10_102_D1_C4,Neck10_102_D1_C4,Neck10_102_D1_C4,الاستخدام : اداة زينة
273,303103101,303,103,1,1,عقد اكس ريوم,20,10,0,0,4,0,0,120,0,0,0,0,0,0,0,65535,100,2,1000,2200,0,0,0,0,0,Neck10_103_D1_C1,Neck10_103_D1_C1,Neck10_103,Neck20_103,Hair21_104_D1_E,Hair21_104_D1_E,Neck10_103_D1_C1,Neck10_103_D1_C1,Neck10_103_D1_C1,Neck10_103_D1_C1,Neck10_103_D1_C1,الاستخدام : اداة زينة
274,303103102,303,103,1,2,عقد اكس ريوم,20,10,0,0,4,0,0,120,0,0,0,0,0,0,0,65535,100,2,1000,2200,0,0,0,0,0,Neck10_103_D1_C2,Neck10_103_D1_C2,Neck10_103,Neck20_103,Hair21_104_D1_E,Hair21_104_D1_E,Neck10_103_D1_C2,Neck10_103_D1_C2,Neck10_103_D1_C2,Neck10_103_D1_C2,Neck10_103_D1_C2,الاستخدام : اداة زينة
275,303103103,303,103,1,3,عقد اكس ريوم,20,10,0,0,4,0,0,120,0,0,0,0,0,0,0,65535,100,2,1000,2200,0,0,0,0,0,Neck10_103_D1_C3,Neck10_103_D1_C3,Neck10_103,Neck20_103,Hair21_104_D1_E,Hair21_104_D1_E,Neck10_103_D1_C3,Neck10_103_D1_C3,Neck10_103_D1_C3,Neck10_103_D1_C3,Neck10_103_D1_C3,الاستخدام : اداة زينة
276,303103104,303,103,1,4,عقد اكس ريوم,20,10,0,0,4,0,0,120,0,0,0,0,0,0,0,65535,100,2,1000,2200,0,0,0,0,0,Neck10_103_D1_C4,Neck10_103_D1_C4,Neck10_103,Neck20_103,Hair21_104_D1_E,Hair21_104_D1_E,Neck10_103_D1_C4,Neck10_103_D1_C4,Neck10_103_D1_C4,Neck10_103_D1_C4,Neck10_103_D1_C4,الاستخدام : اداة زينة
277,303104101,303,104,1,1,وشاح شتوي,20,10,0,0,0,0,0,120,0,0,0,0,0,0,0,65535,100,0,1000,2200,0,0,0,0,0,Neck10_104_D1_C1,Neck10_104_D1_C1,Neck10_104,Neck20_104,-,-,Neck10_104_D1_C1,Neck10_104_D1_C1,Neck10_104_D1_C1,Neck10_104_D1_C1,Neck10_104_D1_C1,الاستخدام : اداة زينة
278,303104102,303,104,1,2,وشاح شتوي,20,10,0,0,0,0,0,120,0,0,0,0,0,0,0,65535,100,0,1000,2200,0,0,0,0,0,Neck10_104_D1_C2,Neck10_104_D1_C2,Neck10_104,Neck20_104,-,-,Neck10_104_D1_C2,Neck10_104_D1_C2,Neck10_104_D1_C2,Neck10_104_D1_C2,Neck10_104_D1_C2,الاستخدام : اداة زينة
279,303104103,303,104,1,3,وشاح شتوي,20,10,0,0,0,0,0,120,0,0,0,0,0,0,0,65535,100,0,1000,2200,0,0,0,0,0,Neck10_104_D1_C3,Neck10_104_D1_C3,Neck10_104,Neck20_104,-,-,Neck10_104_D1_C3,Neck10_104_D1_C3,Neck10_104_D1_C3,Neck10_104_D1_C3,Neck10_104_D1_C3,الاستخدام : اداة زينة
280,303104104,303,104,1,4,وشاح شتوي,20,10,0,0,0,0,0,120,0,0,0,0,0,0,0,65535,100,0,1000,2200,0,0,0,0,0,Neck10_104_D1_C4,Neck10_104_D1_C4,Neck10_104,Neck20_104,-,-,Neck10_104_D1_C4,Neck10_104_D1_C4,Neck10_104_D1_C4,Neck10_104_D1_C4,Neck10_104_D1_C4,الاستخدام : اداة زينة
281,401101101,401,101,1,1,شريط كريستالي للمعصم,20,11,0,0,5,0,0,120,0,0,0,0,0,0,0,65535,100,2,1000,1000,0,0,0,0,0,Wrist30_101_D1_C1,Wrist30_101_D1_C1,Wrist10_101,Wrist20_101,-,-,Wrist30_101_D1_C1,Wrist30_101_D1_C1,Wrist30_101_D1_C1,Wrist30_101_D1_C1,Wrist30_101_D1_C1,الاستخدام : اداة زينة
282,401102101,401,102,1,1,ساعة هيلوجين,20,11,0,0,5,0,0,120,0,0,0,0,0,0,0,65535,100,2,1000,1000,0,0,0,0,0,Wrist30_102_D1_C1,Wrist30_102_D1_C1,Wrist10_102,Wrist20_102,Hair21_104_D1_E,Hair21_104_D1_E,Wrist30_102_D1_C1,Wrist30_102_D1_C1,Wrist30_102_D1_C1,Wrist30_102_D1_C1,Wrist30_102_D1_C1,الاستخدام : اداة زينة
283,401103101,401,103,1,1,شريط معدني للمعصم,20,11,0,0,5,0,0,120,0,0,0,0,0,0,0,65535,100,2,1000,1500,0,0,0,0,0,Wrist30_103_D1_C1,Wrist30_103_D1_C1,Wrist10_103,Wrist20_103,Hair21_104_D1_E,Hair21_104_D1_E,Wrist30_103_D1_C1,Wrist30_103_D1_C1,Wrist30_103_D1_C1,Wrist30_103_D1_C1,Wrist30_103_D1_C1,الاستخدام : اداة زينة
284,402101101,402,101,1,1,حامية ركبة معدنية ماكسيموم,20,12,0,0,5,0,0,120,0,0,0,0,0,0,0,65535,100,2,1000,1000,0,0,0,0,0,Arm30_101_D1_C1,Arm30_101_D1_C1,Arm10_101,Arm20_101,-,-,Arm30_101_D1_C1,Arm30_101_D1_C1,Arm30_101_D1_C1,Arm30_101_D1_C1,Arm30_101_D1_C1,الاستخدام : اداة زينة
285,402102101,402,102,1,1,حامية ركبة معدنية ماكسيموم,20,12,0,0,5,0,0,120,0,0,0,0,0,0,0,65535,100,2,1000,1000,0,0,0,0,0,Arm30_102_D1_C1,Arm30_102_D1_C1,Arm10_102,Arm20_102,Hair21_104_D1_E,Hair21_104_D1_E,Arm30_102_D1_C1,Arm30_102_D1_C1,Arm30_102_D1_C1,Arm30_102_D1_C1,Arm30_102_D1_C1,الاستخدام : اداة زينة
286,402103101,402,103,1,1,حامية ركبة معدنية ماكسيموم,20,12,0,0,5,0,0,120,0,0,0,0,0,0,0,65535,100,2,1000,1500,0,0,0,0,0,Arm30_103_D1_C1,Arm30_103_D1_C1,Arm10_103,Arm20_103,Hair21_104_D1_E,Hair21_104_D1_E,Arm30_103_D1_C1,Arm30_103_D1_C1,Arm30_103_D1_C1,Arm30_103_D1_C1,Arm30_103_D1_C1,الاستخدام : اداة زينة
287,402104101,402,104,1,1,ربطة معصم سوداء,20,12,0,0,0,0,0,120,0,0,0,0,0,0,0,65535,100,0,1000,1500,0,0,0,0,0,Arm30_104_D1_C1,Arm30_104_D1_C1,Arm10_104,Arm20_104,-,-,Arm30_104_D1_C1,Arm30_104_D1_C1,Arm30_104_D1_C1,Arm30_104_D1_C1,Arm30_104_D1_C1,الاستخدام : اداة زينة
288,402104102,402,104,1,2,ربطة معصم بيضاء,20,12,0,0,0,0,0,120,0,0,0,0,0,0,0,65535,100,0,1000,1500,0,0,0,0,0,Arm30_104_D1_C2,Arm30_104_D1_C2,Arm10_104,Arm20_104,-,-,Arm30_104_D1_C2,Arm30_104_D1_C2,Arm30_104_D1_C2,Arm30_104_D1_C2,Arm30_104_D1_C2,الاستخدام : اداة زينة
289,402104201,402,104,2,1,ربطة معصم حمراء مخططة,20,12,0,0,0,0,0,120,0,0,0,0,0,0,0,65535,100,0,1000,1500,0,0,0,0,0,Arm30_104_D2_C1,Arm30_104_D2_C1,Arm10_104,Arm20_104,-,-,Arm30_104_D2_C1,Arm30_104_D2_C1,Arm30_104_D2_C1,Arm30_104_D2_C1,Arm30_104_D2_C1,الاستخدام : اداة زينة
290,403101101,403,101,1,1,حامية ركبة معدنية ماكسيموم,20,13,0,0,0,0,0,120,0,0,0,0,0,0,0,65535,100,2,0,1000,0,0,0,0,0,Knee30_101_D1_C1,Knee30_101_D1_C1,Knee10_101,Knee20_101,-,-,Knee30_101_D1_C1,Knee30_101_D1_C1,Knee30_101_D1_C1,Knee30_101_D1_C1,Knee30_101_D1_C1,الاستخدام : اداة زينة
291,403102101,403,102,1,1,حامية ركبة معدنية ماكسيموم,20,13,0,0,0,0,0,120,0,0,0,0,0,0,0,65535,100,2,0,1000,0,0,0,0,0,Knee30_102_D1_C1,Knee30_102_D1_C1,Knee10_102,Knee20_102,Hair21_104_D1_E,Hair21_104_D1_E,Knee30_102_D1_C1,Knee30_102_D1_C1,Knee30_102_D1_C1,Knee30_102_D1_C1,Knee30_102_D1_C1,الاستخدام : اداة زينة
292,403103101,403,103,1,1,حامية ركبة معدنية ماكسيموم,20,13,0,0,0,0,0,120,0,0,0,0,0,0,0,65535,100,2,0,1500,0,0,0,0,0,Knee30_103_D1_C1,Knee30_103_D1_C1,Knee10_103,Knee20_103,Hair21_104_D1_E,Hair21_104_D1_E,Knee30_103_D1_C1,Knee30_103_D1_C1,Knee30_103_D1_C1,Knee30_103_D1_C1,Knee30_103_D1_C1,الاستخدام : اداة زينة
293,403104101,403,104,1,1,حامية ركبة سوداء,20,13,0,0,0,0,0,120,0,0,0,0,0,0,0,65535,100,2,0,1500,0,0,0,0,0,Knee30_104_D1_C1,Knee30_104_D1_C1,Knee10_104,Knee20_104,-,-,Knee30_104_D1_C1,Knee30_104_D1_C1,Knee30_104_D1_C1,Knee30_104_D1_C1,Knee30_104_D1_C1,الاستخدام : اداة زينة
294,403104102,403,104,1,2,حامية ركبة بيضاء,20,13,0,0,0,0,0,120,0,0,0,0,0,0,0,65535,100,2,0,1500,0,0,0,0,0,Knee30_104_D1_C2,Knee30_104_D1_C2,Knee10_104,Knee20_104,-,-,Knee30_104_D1_C2,Knee30_104_D1_C2,Knee30_104_D1_C2,Knee30_104_D1_C2,Knee30_104_D1_C2,الاستخدام : اداة زينة
295,403104201,403,104,2,1,حامية ركبة حمراء مخططة,20,13,0,0,0,0,0,120,0,0,0,0,0,0,0,65535,100,2,0,1500,0,0,0,0,0,Knee30_104_D2_C1,Knee30_104_D2_C1,Knee10_104,Knee20_104,-,-,Knee30_104_D2_C1,Knee30_104_D2_C1,Knee30_104_D2_C1,Knee30_104_D2_C1,Knee30_104_D2_C1,الاستخدام : اداة زينة
296,501101101,501,101,1,1,مدرب المبتدئين,0,100,0,0,0,0,0,100,0,1,0,0,0,0,0,100,100,1,90,0,10050150,0,0,0,0,Exp11_101_D1_C1,Exp11_101_D1_C1,-,-,-,-,-,-,-,-,-,"زيادة +50% خبرة , يستهلك 1 في كل مباراة"
297,501102102,501,102,1,2,مدرب المحترفين,0,100,0,0,0,0,0,100,0,1,0,0,0,0,0,100,100,1,150,0,10050150,10050150,0,0,0,Exp11_102_D1_C2,Exp11_102_D1_C2,-,-,-,-,-,-,-,-,-,"زيادة +100% خبرة , يستهلك 1 في كل مباراة"
298,502101201,502,101,2,1,كرة برونزية,0,100,0,0,0,0,0,100,0,1,0,0,0,0,0,100,100,1,80,0,10050250,0,0,0,0,Point11_101_D2_C1,Point11_101_D2_C1,-,-,-,-,-,-,-,-,-,"زيادة +25% نقاط, يستهلك 1 في كل مباراة"
299,502102202,502,102,2,2,كرة فضية,0,100,0,0,0,0,0,100,0,1,0,0,0,0,0,100,100,1,120,0,10050250,10050250,0,0,0,Point11_102_D2_C2,Point11_102_D2_C2,-,-,-,-,-,-,-,-,-,"زيادة +50% نقاط, يستهلك 1 في كل مباراة"
300,502103203,502,103,2,3,كرة ذهبية,0,100,0,0,0,0,0,100,0,1,0,0,0,0,0,100,100,1,150,0,10050250,10050250,10050250,10050250,0,Point11_103_D2_C3,Point11_103_D2_C3,-,-,-,-,-,-,-,-,-,"زيادة +100% نقاط, يستهلك 1 في كل مباراة"
301,516101101,516,101,1,1,مشروب طاقة,0,100,0,0,0,0,0,100,0,1,0,0,0,0,0,20,100,1,5,0,10010002,0,0,0,0,Energy11_101_D1_C1,Energy11_101_D1_C1,-,-,-,-,-,-,-,-,-,"زيادة جري +2 , يستهلك 1 في كل مباراة"
302,517101102,517,101,1,2,مشروب الفيتامينات,0,100,0,0,0,0,0,100,0,1,0,0,0,0,0,20,100,1,5,0,10010102,0,0,0,0,Energy11_101_D1_C2,Energy11_101_D1_C2,-,-,-,-,-,-,-,-,-,"زيادة مراوغة +2 , يستهلك 1 في كل مباراة"
303,518101103,518,101,1,3,مشروب الاوكسجين,0,100,0,0,0,0,0,100,0,1,0,0,0,0,0,20,100,1,5,0,10010202,0,0,0,0,Energy11_101_D1_C3,Energy11_101_D1_C3,-,-,-,-,-,-,-,-,-,"زيادة رشاقة +2 , يستهلك 1 في كل مباراة"
304,519101104,519,101,1,4,مشروب القوة,0,100,0,0,0,0,0,100,0,1,0,0,0,0,0,20,100,1,5,0,10010302,0,0,0,0,Energy11_101_D1_C4,Energy11_101_D1_C4,-,-,-,-,-,-,-,-,-,"زيادة نشاط+2 , يستهلك 1 في كل مباراة"
305,520101105,520,101,1,5,مشروب جومو,0,100,0,0,0,0,0,100,0,1,0,0,0,0,0,20,100,1,5,0,10010402,0,0,0,0,Energy11_101_D1_C5,Energy11_101_D1_C5,-,-,-,-,-,-,-,-,-,"زيادة قفز +2 , يستهلك 1 في كل مباراة"
306,521101106,521,101,1,6,مشروب القوة الجسدية,0,100,0,0,0,0,0,100,0,1,0,0,0,0,0,20,100,1,5,0,10010502,0,0,0,0,Energy11_101_D1_C6,Energy11_101_D1_C6,-,-,-,-,-,-,-,-,-,"زيادة مقاومة +2 , يستهلك 1 في كل مباراة"
307,510101101,510,101,1,1,مشروب طاقة,0,100,0,0,0,0,0,100,0,1,0,0,0,0,0,100,100,1,50,0,10010005,0,0,0,0,Energy11_101_D1_C1,Energy11_101_D1_C1,-,-,-,-,-,-,-,-,-,"زيادة جري +5 , يستهلك 1 في كل مباراة"
308,511101102,511,101,1,2,مشروب الفيتامينات,0,100,0,0,0,0,0,100,0,1,0,0,0,0,0,100,100,1,50,0,10010105,0,0,0,0,Energy11_101_D1_C2,Energy11_101_D1_C2,-,-,-,-,-,-,-,-,-,"زيادة مراوغة +5 , يستهلك 1 في كل مباراة"
309,512101103,512,101,1,3,مشروب الاوكسجين,0,100,0,0,0,0,0,100,0,1,0,0,0,0,0,100,100,1,50,0,10010205,0,0,0,0,Energy11_101_D1_C3,Energy11_101_D1_C3,-,-,-,-,-,-,-,-,-,"زيادة رشاقة +5 , يستهلك 1 في كل مباراة"
310,513101104,513,101,1,4,مشروب القوة,0,100,0,0,0,0,0,100,0,1,0,0,0,0,0,100,100,1,50,0,10010305,0,0,0,0,Energy11_101_D1_C4,Energy11_101_D1_C4,-,-,-,-,-,-,-,-,-,"زيادة نشاط+5 , يستهلك 1 في كل مباراة"
311,514101105,514,101,1,5,مشروب جومو,0,100,0,0,0,0,0,100,0,1,0,0,0,0,0,100,100,1,50,0,10010405,0,0,0,0,Energy11_101_D1_C5,Energy11_101_D1_C5,-,-,-,-,-,-,-,-,-,"زيادة قفز +5 , يستهلك 1 في كل مباراة"
312,515101106,515,101,1,6,مشروب القوة الجسدية,0,100,0,0,0,0,0,100,0,1,0,0,0,0,0,100,100,1,50,0,10010505,0,0,0,0,Energy11_101_D1_C6,Energy11_101_D1_C6,-,-,-,-,-,-,-,-,-,"زيادة مقاومة +5 , يستهلك 1 في كل مباراة"
313,510102101,510,102,1,1,مشروب الجري,0,100,0,0,0,0,0,100,0,1,0,0,0,0,0,100,100,1,80,0,10010010,0,0,0,0,Energy11_102_D1_C1,Energy11_102_D1_C1,-,-,-,-,-,-,-,-,-,"زيادة جري +10 , يستهلك 1 في كل مباراة"
314,511102102,511,102,1,2,مشروب المراوغة,0,100,0,0,0,0,0,100,0,1,0,0,0,0,0,100,100,1,80,0,10010110,0,0,0,0,Energy11_102_D1_C2,Energy11_102_D1_C2,-,-,-,-,-,-,-,-,-,"زيادة مراوغة +10 , يستهلك 1 في كل مباراة"
315,512102103,512,102,1,3,مشروب الرشاقة,0,100,0,0,0,0,0,100,0,1,0,0,0,0,0,100,100,1,80,0,10010210,0,0,0,0,Energy11_102_D1_C3,Energy11_102_D1_C3,-,-,-,-,-,-,-,-,-,"زيادة رشاقة +10 , يستهلك 1 في كل مباراة"
316,513102104,513,102,1,4,شوكولا بروتينية,0,100,0,0,0,0,0,100,0,1,0,0,0,0,0,100,100,1,80,0,10010310,0,0,0,0,Energy11_102_D1_C4,Energy11_102_D1_C4,-,-,-,-,-,-,-,-,-,"زيادة نشاط+10 , يستهلك 1 في كل مباراة"
317,514102105,514,102,1,5,شوكولا الكولوجين,0,100,0,0,0,0,0,100,0,1,0,0,0,0,0,100,100,1,80,0,10010410,0,0,0,0,Energy11_102_D1_C5,Energy11_102_D1_C5,-,-,-,-,-,-,-,-,-,"زيادة قفز +10 , يستهلك 1 في كل مباراة"
318,515102106,515,102,1,6,شوكولا الكيربوهيدرات,0,100,0,0,0,0,0,100,0,1,0,0,0,0,0,100,100,1,80,0,10010510,0,0,0,0,Energy11_102_D1_C6,Energy11_102_D1_C6,-,-,-,-,-,-,-,-,-,"زيادة مقاومة +10 , يستهلك 1 في كل مباراة"
319,611101101,611,101,1,1,اعادة تعيين نقاط القدرة,0,100,0,0,0,0,0,100,0,0,0,0,0,0,0,1,100,0,100,0,0,0,0,0,0,Reset11_101_D1_C1,Reset11_101_D1_C1,-,-,-,-,-,-,-,-,-,اعادة توزيع نقاط القدرة
320,621101101,621,101,1,1,تفعيل مهارة اضافية,0,100,0,0,0,0,0,100,0,0,0,0,0,0,0,1,100,1,100,0,0,0,0,0,0,SkillSlot11_101_D1_C1,SkillSlot11_101_D1_C1,-,-,-,-,-,-,-,-,-,زيادة +5 خانات مهارة 
321,622101101,622,101,1,1,تفعيل شخصية اضافية,0,100,0,0,0,0,0,100,0,0,0,0,0,0,0,1,100,2,0,45000,0,0,0,0,0,CharSlot11_101_D1_C1,CharSlot11_101_D1_C1,-,-,-,-,-,-,-,-,-,زيادة +1 خانة شخصية
322,631101101,631,101,1,1,بطاقة الوحدات,0,100,0,0,0,0,0,100,0,0,0,0,0,0,0,1,100,0,100,0,0,0,0,0,0,CashCoupon11_101_D1_C1,CashCoupon11_101_D1_C1,-,-,-,-,-,-,-,-,-,5000 بطاقة وحدة
323,632101101,632,101,1,1,بطاقة النقاط,0,100,0,0,0,0,0,100,0,0,0,0,0,0,0,1,100,2,0,5000,0,0,0,0,0,PointCoupon11_101_D1_C1,PointCoupon11_101_D1_C1,-,-,-,-,-,-,-,-,-,بطاقة نقاط
324,641101101,641,101,1,1,تغيير اسم الشخصية,0,100,0,0,0,0,0,100,0,0,0,0,0,0,0,1,100,1,30,0,0,0,0,0,0,Rename11_101_D1_C1,Rename11_101_D1_C1,-,-,-,-,-,-,-,-,-,بطاقة تغيير الاسم المستعار
325,699101101,699,101,1,1,new Item,0,100,0,0,0,0,0,100,0,0,0,0,0,0,0,1,100,0,10,0,0,0,0,0,0,Rename11_101_D1_C1,Rename11_101_D1_C1,-,-,-,-,-,-,-,-,-,أداة جديدة
326,651101101,651,101,1,1,شهادة حارس مرمى,0,100,0,0,0,0,0,100,0,1,0,0,0,0,0,1,100,2,0,35000,0,0,0,0,0,GK_License,GK_License,-,-,-,-,-,-,-,-,-,شهادة حارس مرمى
327,699102101,699,102,1,1,تطوير مبتدأ ,0,100,0,0,0,0,0,100,0,0,0,0,0,0,0,1,100,0,3,0,0,0,0,0,0,Rename11_101_D1_C1,Rename11_101_D1_C1,-,-,-,-,-,-,-,-,-,New Item
328,699102102,699,102,1,2,تطوير محترف,0,100,0,0,0,0,0,100,0,0,0,0,0,0,0,1,100,0,8,0,0,0,0,0,0,Rename11_101_D1_C1,Rename11_101_D1_C1,-,-,-,-,-,-,-,-,-,New Item
329,699102103,699,102,1,3,تطوير مميز,0,100,0,0,0,0,0,100,0,0,0,0,0,0,0,1,100,0,12,0,0,0,0,0,0,Rename11_101_D1_C1,Rename11_101_D1_C1,-,-,-,-,-,-,-,-,-,New Item
330,699102104,699,102,1,4,تطوير عالي,0,100,0,0,0,0,0,100,0,0,0,0,0,0,0,1,100,0,18,0,0,0,0,0,0,Rename11_101_D1_C1,Rename11_101_D1_C1,-,-,-,-,-,-,-,-,-,New Item
331,699102105,699,102,1,5,تطوير اسطوري,0,100,0,0,0,0,0,100,0,0,0,0,0,0,0,1,100,0,25,0,0,0,0,0,0,Rename11_101_D1_C1,Rename11_101_D1_C1,-,-,-,-,-,-,-,-,-,New Item
